-- DATA SNAPSHOT GENERATED BY DUMP-DB.JS
BEGIN;

TRUNCATE TABLE password_reset_tokens CASCADE;
TRUNCATE TABLE activity_logs CASCADE;
TRUNCATE TABLE query_logs CASCADE;
TRUNCATE TABLE permissions CASCADE;
TRUNCATE TABLE datasets CASCADE;
TRUNCATE TABLE users CASCADE;
TRUNCATE TABLE companies CASCADE;

-- Table: companies
INSERT INTO companies (company_id, company_name, company_email, industry, subscription_plan, created_at, updated_at, is_active) VALUES ('a30f03c1-3378-4c49-8a9d-bdcecac1fcc3', 'explainableAI', 'contact@explainableai.com', 'AI/ML', 'pro', '2026-04-09T17:20:55.707Z', '2026-04-09T17:20:55.707Z', true);

-- Table: users
INSERT INTO users (user_id, company_id, full_name, email, password_hash, role, department, designation, is_active, last_login, created_at, updated_at, lock_until, failed_attempts) VALUES ('261b50d2-efad-49ee-b775-3378730aa82a', 'a30f03c1-3378-4c49-8a9d-bdcecac1fcc3', 'Employee 09', 'employee09@explainableai.com', '$2b$12$zyOnzwuI2Wboj6.SrJqMYOE1IHwoZHGf9UWPovrSaUwvnoHLK0ppG', 'employee', 'Analytics', 'Business Analyst', true, '2026-04-12T06:55:35.936Z', '2026-04-09T17:20:55.707Z', '2026-04-09T17:20:55.707Z', NULL, 0);
INSERT INTO users (user_id, company_id, full_name, email, password_hash, role, department, designation, is_active, last_login, created_at, updated_at, lock_until, failed_attempts) VALUES ('ab1309d4-3e1b-46f1-ab74-30f3cabea7a9', 'a30f03c1-3378-4c49-8a9d-bdcecac1fcc3', 'Employee 06', 'employee06@explainableai.com', '$2b$12$jjGlHR1MclxdAQ5FtPQUN.7PUacNUK2zFufrEnd5.Ig5a2Awo8e46', 'employee', 'Analytics', 'Business Analyst', true, '2026-04-09T17:20:55.707Z', '2026-04-09T17:20:55.707Z', '2026-04-09T17:20:55.707Z', NULL, 0);
INSERT INTO users (user_id, company_id, full_name, email, password_hash, role, department, designation, is_active, last_login, created_at, updated_at, lock_until, failed_attempts) VALUES ('8cb34e6e-04a6-4e65-b372-34637466e402', 'a30f03c1-3378-4c49-8a9d-bdcecac1fcc3', 'Employee 07', 'employee07@explainableai.com', '$2b$12$9ndE9/BC0Mk6kX/D9yNM1uOad2T1unbcZx3j/nL./DcKvJRDClm7y', 'employee', 'Analytics', 'Business Analyst', true, '2026-04-09T17:20:55.707Z', '2026-04-09T17:20:55.707Z', '2026-04-09T17:20:55.707Z', NULL, 0);
INSERT INTO users (user_id, company_id, full_name, email, password_hash, role, department, designation, is_active, last_login, created_at, updated_at, lock_until, failed_attempts) VALUES ('3fe4e0e9-61f7-4bed-a0b3-d88536bbc934', 'a30f03c1-3378-4c49-8a9d-bdcecac1fcc3', 'Employee 08', 'employee08@explainableai.com', '$2b$12$WrqkrKgd4CYFlWDafIb2te.98v4z7TFmXx8wY4uv.4Tx8h6N9U0Ki', 'employee', 'Analytics', 'Business Analyst', true, '2026-04-09T17:20:55.707Z', '2026-04-09T17:20:55.707Z', '2026-04-09T17:20:55.707Z', NULL, 0);
INSERT INTO users (user_id, company_id, full_name, email, password_hash, role, department, designation, is_active, last_login, created_at, updated_at, lock_until, failed_attempts) VALUES ('68fc943b-2277-48a9-99db-6a1dfc58c688', 'a30f03c1-3378-4c49-8a9d-bdcecac1fcc3', 'Employee 04', 'employee04@explainableai.com', '$2b$12$5sxlqTaN2Gu.h8xlSQlgjOCouVRW5TrV84hRpnw6LpMSJFNQTxB.K', 'employee', 'Data Science', 'Data Scientist', true, '2026-04-12T16:44:39.945Z', '2026-04-09T17:20:55.707Z', '2026-04-09T17:20:55.707Z', NULL, 0);
INSERT INTO users (user_id, company_id, full_name, email, password_hash, role, department, designation, is_active, last_login, created_at, updated_at, lock_until, failed_attempts) VALUES ('ade85986-075d-4b4f-94f6-7cfa92b28c10', 'a30f03c1-3378-4c49-8a9d-bdcecac1fcc3', 'Employee 03', 'employee03@explainableai.com', '$2b$12$EGVSfDKSEin.G9peNd1ceOc4S6F4FlQRnaJR.juIztEw6YqWcuOLS', 'employee', 'Data Science', 'Data Scientist', true, '2026-04-12T16:45:15.577Z', '2026-04-09T17:20:55.707Z', '2026-04-09T17:20:55.707Z', NULL, 0);
INSERT INTO users (user_id, company_id, full_name, email, password_hash, role, department, designation, is_active, last_login, created_at, updated_at, lock_until, failed_attempts) VALUES ('4e0a969d-539f-4201-8156-9bb3099ca146', 'a30f03c1-3378-4c49-8a9d-bdcecac1fcc3', 'Employee 12', 'employee12@explainableai.com', '$2b$12$U8kRp7P8/lpLb42840P67ebWV2Yp.LvEPmAcCxUoVh.9DJvSquLme', 'employee', 'Engineering', 'Data Engineer', true, '2026-04-09T17:20:55.707Z', '2026-04-09T17:20:55.707Z', '2026-04-09T17:20:55.707Z', NULL, 0);
INSERT INTO users (user_id, company_id, full_name, email, password_hash, role, department, designation, is_active, last_login, created_at, updated_at, lock_until, failed_attempts) VALUES ('464ec90f-0826-4a8a-b772-1a4d5e198a31', 'a30f03c1-3378-4c49-8a9d-bdcecac1fcc3', 'Employee 10', 'employee10@explainableai.com', '$2b$12$siW72f2qHxYaP4NIrfr0Per.YMqX2Sk.odS981FDY3zTRwfhEsCNW', 'employee', 'Analytics', 'Business Analyst', true, '2026-04-12T06:56:31.979Z', '2026-04-09T17:20:55.707Z', '2026-04-09T17:20:55.707Z', NULL, 0);
INSERT INTO users (user_id, company_id, full_name, email, password_hash, role, department, designation, is_active, last_login, created_at, updated_at, lock_until, failed_attempts) VALUES ('0da896cf-1ff7-428b-a50a-4ba3e2381598', 'a30f03c1-3378-4c49-8a9d-bdcecac1fcc3', 'Admin User', 'admin@explainableai.com', '$2b$12$EBPxdxc1nnPJifgzHQ./cuojUh9Y5JnEHs1r.ZteikOkprgcTR1da', 'admin', 'Management', 'System Admin', true, '2026-04-12T18:05:15.559Z', '2026-04-09T17:20:55.707Z', '2026-04-09T17:20:55.707Z', NULL, 0);
INSERT INTO users (user_id, company_id, full_name, email, password_hash, role, department, designation, is_active, last_login, created_at, updated_at, lock_until, failed_attempts) VALUES ('015a93c9-8966-4634-9c9e-1d624e90eb60', 'a30f03c1-3378-4c49-8a9d-bdcecac1fcc3', 'Employee 11', 'employee11@explainableai.com', '$2b$12$/F/Mq9tmHjWGcEzOyScXRuoBJKxjq5W9.jrblKTherpULdGxXPxWC', 'employee', 'Engineering', 'Data Engineer', true, '2026-04-12T06:58:28.492Z', '2026-04-09T17:20:55.707Z', '2026-04-09T17:20:55.707Z', NULL, 0);
INSERT INTO users (user_id, company_id, full_name, email, password_hash, role, department, designation, is_active, last_login, created_at, updated_at, lock_until, failed_attempts) VALUES ('a4155ce5-b0b2-48d0-b598-20610d3b8c37', 'a30f03c1-3378-4c49-8a9d-bdcecac1fcc3', 'Employee 01', 'employee01@explainableai.com', '$2b$12$glClmdFA.DD6O.v4WdyfY.zEfCnSDszc1.Vz1rIa2w0Iq6Y5iJNsO', 'employee', 'Data Science', 'Data Scientist', true, '2026-04-10T11:30:21.906Z', '2026-04-09T17:20:55.707Z', '2026-04-09T17:20:55.707Z', NULL, 0);
INSERT INTO users (user_id, company_id, full_name, email, password_hash, role, department, designation, is_active, last_login, created_at, updated_at, lock_until, failed_attempts) VALUES ('0c03da34-7ed2-46dd-835f-a1edb7a7eba6', 'a30f03c1-3378-4c49-8a9d-bdcecac1fcc3', 'Employee 13', 'employee13@explainableai.com', '$2b$12$XWGGJxHCoKxjwTnE7uGGZueUNahzZRjuLKsbWngaffr4V4ITTdhaG', 'employee', 'Engineering', 'Data Engineer', true, '2026-04-12T18:06:02.308Z', '2026-04-09T17:20:55.707Z', '2026-04-09T17:20:55.707Z', NULL, 0);
INSERT INTO users (user_id, company_id, full_name, email, password_hash, role, department, designation, is_active, last_login, created_at, updated_at, lock_until, failed_attempts) VALUES ('80fba16d-3f48-4714-834b-ae2d8f9f3685', 'a30f03c1-3378-4c49-8a9d-bdcecac1fcc3', 'Employee 05', 'employee05@explainableai.com', '$2b$12$t7Dcvh/y8codGGBO1WXPr.up8Qlq49Oni/FgKfoVxjbvnmIlGFqCa', 'employee', 'Data Science', 'Data Scientist', true, '2026-04-10T14:31:17.246Z', '2026-04-09T17:20:55.707Z', '2026-04-09T17:20:55.707Z', NULL, 0);
INSERT INTO users (user_id, company_id, full_name, email, password_hash, role, department, designation, is_active, last_login, created_at, updated_at, lock_until, failed_attempts) VALUES ('69920775-9927-4dd6-8e92-7c3b33cd6fb7', 'a30f03c1-3378-4c49-8a9d-bdcecac1fcc3', 'Employee 15', 'employee15@explainableai.com', '$2b$12$htOGP0EJ/npnJ/rTRLqkm.O49CKolAWSSIjIXEWDPeTXcmsHg6lFC', 'employee', 'Engineering', 'Data Engineer', true, '2026-04-10T14:31:32.678Z', '2026-04-09T17:20:55.707Z', '2026-04-09T17:20:55.707Z', NULL, 0);
INSERT INTO users (user_id, company_id, full_name, email, password_hash, role, department, designation, is_active, last_login, created_at, updated_at, lock_until, failed_attempts) VALUES ('fc3e0a0d-10bf-4f5a-8fa5-c812ed5fdef1', 'a30f03c1-3378-4c49-8a9d-bdcecac1fcc3', 'Employee 14', 'employee14@explainableai.com', '$2b$12$tbioXk82dW0zhcuJ.VVtZ.bKgxSaOjX.EpScpszaUHUQvJesNCuHa', 'employee', 'Engineering', 'Data Engineer', true, '2026-04-10T17:52:57.477Z', '2026-04-09T17:20:55.707Z', '2026-04-09T17:20:55.707Z', NULL, 0);
INSERT INTO users (user_id, company_id, full_name, email, password_hash, role, department, designation, is_active, last_login, created_at, updated_at, lock_until, failed_attempts) VALUES ('51e009f1-b383-4232-81f5-da69b5b06b0b', 'a30f03c1-3378-4c49-8a9d-bdcecac1fcc3', 'Employee 02', 'employee02@explainableai.com', '$2b$12$CGOwHgE7.FDHR/j/2u2bW.hPk1hUFHDg/WBelvIZh1e8wDPjrRszm', 'employee', 'Data Science', 'Data Scientist', true, '2026-04-10T18:11:32.635Z', '2026-04-09T17:20:55.707Z', '2026-04-09T17:20:55.707Z', NULL, 0);
INSERT INTO users (user_id, company_id, full_name, email, password_hash, role, department, designation, is_active, last_login, created_at, updated_at, lock_until, failed_attempts) VALUES ('b0b6b626-3bea-4941-8335-f1f112ebfbe0', 'a30f03c1-3378-4c49-8a9d-bdcecac1fcc3', 'Employee 20', 'employee20@explainableai.com', '$2b$12$J.xaTVDEVhOQjBGi68mSvOemk7/v7wfFuwp6GvpryoJPMIfjpHMm2', 'employee', 'Operations', 'Ops Analyst', true, '2026-04-09T17:20:55.707Z', '2026-04-09T17:20:55.707Z', '2026-04-09T17:20:55.707Z', NULL, 0);
INSERT INTO users (user_id, company_id, full_name, email, password_hash, role, department, designation, is_active, last_login, created_at, updated_at, lock_until, failed_attempts) VALUES ('f2527369-ba33-45df-a6e1-a44e755a6c50', 'a30f03c1-3378-4c49-8a9d-bdcecac1fcc3', 'Employee 18', 'employee18@explainableai.com', '$2b$12$AX18reQYaePBZld1.zGbr.R7ckPTPS7/u9wRI3FiM7mf2ZJlj2P1O', 'employee', 'Operations', 'Ops Analyst', true, '2026-04-11T14:55:04.035Z', '2026-04-09T17:20:55.707Z', '2026-04-09T17:20:55.707Z', NULL, 0);
INSERT INTO users (user_id, company_id, full_name, email, password_hash, role, department, designation, is_active, last_login, created_at, updated_at, lock_until, failed_attempts) VALUES ('07ee10de-ddaa-4b84-ad92-b315a5ae576d', 'a30f03c1-3378-4c49-8a9d-bdcecac1fcc3', 'Employee 17', 'employee17@explainableai.com', '$2b$12$nI84VP5Se2OxqBfy1mCwye27IhC8DnHbdcmVNlura2WZilm7DhVFe', 'employee', 'Operations', 'Ops Analyst', true, '2026-04-11T17:27:39.168Z', '2026-04-09T17:20:55.707Z', '2026-04-09T17:20:55.707Z', NULL, 0);
INSERT INTO users (user_id, company_id, full_name, email, password_hash, role, department, designation, is_active, last_login, created_at, updated_at, lock_until, failed_attempts) VALUES ('5e53745f-7650-4d53-b121-2825bcdb4d85', 'a30f03c1-3378-4c49-8a9d-bdcecac1fcc3', 'Shad Ali', 'alishad846@gmail.com', '$2b$12$VMS5Xa4RORn0UkGa7lCpwOf4jtAhJN3IqEIlqoWrKwNSLOUa7xmIG', 'admin', 'Management', 'System Admin', true, NULL, '2026-04-11T18:31:03.527Z', '2026-04-11T18:31:03.527Z', NULL, 0);
INSERT INTO users (user_id, company_id, full_name, email, password_hash, role, department, designation, is_active, last_login, created_at, updated_at, lock_until, failed_attempts) VALUES ('7c6a9556-78b0-463e-8d57-9680e6b968e9', 'a30f03c1-3378-4c49-8a9d-bdcecac1fcc3', 'Employee 19', 'employee19@explainableai.com', '$2b$12$aSbn1eEd38WiC/KOqkG67.u.wtD6uSWaBw5Vl5NF0c9gbgFaGJmca', 'employee', 'Operations', 'Ops Analyst', true, '2026-04-12T06:11:37.294Z', '2026-04-09T17:20:55.707Z', '2026-04-09T17:20:55.707Z', NULL, 0);
INSERT INTO users (user_id, company_id, full_name, email, password_hash, role, department, designation, is_active, last_login, created_at, updated_at, lock_until, failed_attempts) VALUES ('8b1a54a0-b0d9-4153-a4b5-dbe06a699759', 'a30f03c1-3378-4c49-8a9d-bdcecac1fcc3', 'Garv Jain', 'garvj7607@gmail.com', '$2b$12$cf4zLw/T9MUZmHrfETykuuRI3eCa6sZ8k0/TWLbi7wiPO.AAkA46m', 'admin', 'Hiring', 'System Admin', true, '2026-04-12T06:51:16.156Z', '2026-04-12T06:49:01.460Z', '2026-04-12T06:49:01.460Z', NULL, 0);
INSERT INTO users (user_id, company_id, full_name, email, password_hash, role, department, designation, is_active, last_login, created_at, updated_at, lock_until, failed_attempts) VALUES ('4aa8ebdf-5a8e-489d-b8c0-5ea6a5019418', 'a30f03c1-3378-4c49-8a9d-bdcecac1fcc3', 'Employee 16', 'employee16@explainableai.com', '$2b$12$JwKGJve1PYoeK8AALXjK1eFsao/ms2TPwHvUHtJszsN0wWrUo3siK', 'employee', 'Operations', 'Ops Analyst', true, '2026-04-12T17:48:39.133Z', '2026-04-09T17:20:55.707Z', '2026-04-09T17:20:55.707Z', NULL, 0);

-- Table: datasets
INSERT INTO datasets (dataset_id, company_id, uploaded_by, dataset_name, file_name, file_size, schema_json, upload_status, created_at, updated_at) VALUES ('d764d364-9461-491b-8609-ce466c2ca7b1', 'a30f03c1-3378-4c49-8a9d-bdcecac1fcc3', 'a4155ce5-b0b2-48d0-b598-20610d3b8c37', 'Sales Dataset 1', 'sales_data_1.csv', '150000', NULL, 'completed', '2026-04-09T17:20:55.707Z', '2026-04-09T17:20:55.707Z');
INSERT INTO datasets (dataset_id, company_id, uploaded_by, dataset_name, file_name, file_size, schema_json, upload_status, created_at, updated_at) VALUES ('9d82030e-8a34-449e-ae5b-27535cc1d30a', 'a30f03c1-3378-4c49-8a9d-bdcecac1fcc3', 'a4155ce5-b0b2-48d0-b598-20610d3b8c37', 'Sales Dataset 2', 'sales_data_2.csv', '200000', NULL, 'completed', '2026-04-09T17:20:55.707Z', '2026-04-09T17:20:55.707Z');
INSERT INTO datasets (dataset_id, company_id, uploaded_by, dataset_name, file_name, file_size, schema_json, upload_status, created_at, updated_at) VALUES ('f1079f15-fd22-441c-807f-185f8bd5211c', 'a30f03c1-3378-4c49-8a9d-bdcecac1fcc3', '51e009f1-b383-4232-81f5-da69b5b06b0b', 'Sales Dataset 3', 'sales_data_3.csv', '250000', NULL, 'completed', '2026-04-09T17:20:55.707Z', '2026-04-09T17:20:55.707Z');
INSERT INTO datasets (dataset_id, company_id, uploaded_by, dataset_name, file_name, file_size, schema_json, upload_status, created_at, updated_at) VALUES ('d8ffa514-d672-40bf-b023-d3acfbd5ca16', 'a30f03c1-3378-4c49-8a9d-bdcecac1fcc3', 'ade85986-075d-4b4f-94f6-7cfa92b28c10', 'Sales Dataset 4', 'sales_data_4.csv', '300000', NULL, 'completed', '2026-04-09T17:20:55.707Z', '2026-04-09T17:20:55.707Z');
INSERT INTO datasets (dataset_id, company_id, uploaded_by, dataset_name, file_name, file_size, schema_json, upload_status, created_at, updated_at) VALUES ('80591828-e999-4e53-9560-699e0d9adc60', 'a30f03c1-3378-4c49-8a9d-bdcecac1fcc3', '68fc943b-2277-48a9-99db-6a1dfc58c688', 'Sales Dataset 5', 'sales_data_5.csv', '350000', NULL, 'completed', '2026-04-09T17:20:55.707Z', '2026-04-09T17:20:55.707Z');
INSERT INTO datasets (dataset_id, company_id, uploaded_by, dataset_name, file_name, file_size, schema_json, upload_status, created_at, updated_at) VALUES ('8ceb829b-e37e-4aae-85b5-2c94573e6b74', 'a30f03c1-3378-4c49-8a9d-bdcecac1fcc3', '68fc943b-2277-48a9-99db-6a1dfc58c688', 'sales_data_sample.csv', 'sales_data_sample.csv', '527958', '{}', 'failed', '2026-04-11T06:52:21.330Z', '2026-04-11T06:52:49.966Z');
INSERT INTO datasets (dataset_id, company_id, uploaded_by, dataset_name, file_name, file_size, schema_json, upload_status, created_at, updated_at) VALUES ('785f7893-128b-49ae-be0d-f41f27b4d8cd', 'a30f03c1-3378-4c49-8a9d-bdcecac1fcc3', '07ee10de-ddaa-4b84-ad92-b315a5ae576d', 'sales_data_sample.csv', 'sales_data_sample.csv', '527958', '{}', 'failed', '2026-04-11T17:28:18.672Z', '2026-04-11T17:28:42.195Z');
INSERT INTO datasets (dataset_id, company_id, uploaded_by, dataset_name, file_name, file_size, schema_json, upload_status, created_at, updated_at) VALUES ('c189376b-61e0-4e69-9f9b-ebc220fcf3c4', 'a30f03c1-3378-4c49-8a9d-bdcecac1fcc3', '0c03da34-7ed2-46dd-835f-a1edb7a7eba6', 'sales_data_sample.csv', 'c189376b-61e0-4e69-9f9b-ebc220fcf3c4_sales_data_sample.csv', '527958', NULL, 'processing', '2026-04-11T19:53:03.799Z', '2026-04-11T19:53:03.799Z');
INSERT INTO datasets (dataset_id, company_id, uploaded_by, dataset_name, file_name, file_size, schema_json, upload_status, created_at, updated_at) VALUES ('e6b4aa33-3ec7-4d96-a6af-422bb3451297', 'a30f03c1-3378-4c49-8a9d-bdcecac1fcc3', '7c6a9556-78b0-463e-8d57-9680e6b968e9', 'diabetes_dataset.csv', 'e6b4aa33-3ec7-4d96-a6af-422bb3451297_diabetes_dataset.csv', '23875', NULL, 'processing', '2026-04-12T06:11:58.469Z', '2026-04-12T06:11:58.469Z');
INSERT INTO datasets (dataset_id, company_id, uploaded_by, dataset_name, file_name, file_size, schema_json, upload_status, created_at, updated_at) VALUES ('a8e72092-f37c-43f3-b43c-8980c94f96e9', 'a30f03c1-3378-4c49-8a9d-bdcecac1fcc3', '464ec90f-0826-4a8a-b772-1a4d5e198a31', 'BigMart Sales.csv', 'a8e72092-f37c-43f3-b43c-8980c94f96e9_BigMart_Sales.csv', '869537', '{"raw_stats":{"totalRows":8523,"totalNulls":3873,"columnNulls":{"Item_MRP":0,"Item_Type":0,"Item_Weight":1463,"Outlet_Size":2410,"Outlet_Type":0,"Item_Identifier":0,"Item_Visibility":0,"Item_Fat_Content":0,"Item_Outlet_Sales":0,"Outlet_Identifier":0,"Outlet_Location_Type":0,"Outlet_Establishment_Year":0},"totalDuplicates":0}}', 'completed', '2026-04-12T06:59:37.298Z', '2026-04-12T11:11:24.757Z');

-- Table: permissions
INSERT INTO permissions (company_id, user_id, dataset_id, can_view, can_edit, can_delete, can_query, granted_by, created_at, updated_at) VALUES ('a30f03c1-3378-4c49-8a9d-bdcecac1fcc3', '0da896cf-1ff7-428b-a50a-4ba3e2381598', 'd764d364-9461-491b-8609-ce466c2ca7b1', true, true, false, true, '0da896cf-1ff7-428b-a50a-4ba3e2381598', '2026-04-09T17:20:55.707Z', '2026-04-09T17:20:55.707Z');
INSERT INTO permissions (company_id, user_id, dataset_id, can_view, can_edit, can_delete, can_query, granted_by, created_at, updated_at) VALUES ('a30f03c1-3378-4c49-8a9d-bdcecac1fcc3', 'a4155ce5-b0b2-48d0-b598-20610d3b8c37', 'd764d364-9461-491b-8609-ce466c2ca7b1', true, false, false, false, '0da896cf-1ff7-428b-a50a-4ba3e2381598', '2026-04-09T17:20:55.707Z', '2026-04-09T17:20:55.707Z');
INSERT INTO permissions (company_id, user_id, dataset_id, can_view, can_edit, can_delete, can_query, granted_by, created_at, updated_at) VALUES ('a30f03c1-3378-4c49-8a9d-bdcecac1fcc3', '51e009f1-b383-4232-81f5-da69b5b06b0b', 'd764d364-9461-491b-8609-ce466c2ca7b1', true, false, false, false, '0da896cf-1ff7-428b-a50a-4ba3e2381598', '2026-04-09T17:20:55.707Z', '2026-04-09T17:20:55.707Z');
INSERT INTO permissions (company_id, user_id, dataset_id, can_view, can_edit, can_delete, can_query, granted_by, created_at, updated_at) VALUES ('a30f03c1-3378-4c49-8a9d-bdcecac1fcc3', 'ade85986-075d-4b4f-94f6-7cfa92b28c10', 'd764d364-9461-491b-8609-ce466c2ca7b1', true, false, false, false, '0da896cf-1ff7-428b-a50a-4ba3e2381598', '2026-04-09T17:20:55.707Z', '2026-04-09T17:20:55.707Z');
INSERT INTO permissions (company_id, user_id, dataset_id, can_view, can_edit, can_delete, can_query, granted_by, created_at, updated_at) VALUES ('a30f03c1-3378-4c49-8a9d-bdcecac1fcc3', '68fc943b-2277-48a9-99db-6a1dfc58c688', 'd764d364-9461-491b-8609-ce466c2ca7b1', true, false, false, false, '0da896cf-1ff7-428b-a50a-4ba3e2381598', '2026-04-09T17:20:55.707Z', '2026-04-09T17:20:55.707Z');
INSERT INTO permissions (company_id, user_id, dataset_id, can_view, can_edit, can_delete, can_query, granted_by, created_at, updated_at) VALUES ('a30f03c1-3378-4c49-8a9d-bdcecac1fcc3', '80fba16d-3f48-4714-834b-ae2d8f9f3685', 'd764d364-9461-491b-8609-ce466c2ca7b1', true, false, false, false, '0da896cf-1ff7-428b-a50a-4ba3e2381598', '2026-04-09T17:20:55.707Z', '2026-04-09T17:20:55.707Z');
INSERT INTO permissions (company_id, user_id, dataset_id, can_view, can_edit, can_delete, can_query, granted_by, created_at, updated_at) VALUES ('a30f03c1-3378-4c49-8a9d-bdcecac1fcc3', 'ab1309d4-3e1b-46f1-ab74-30f3cabea7a9', 'd764d364-9461-491b-8609-ce466c2ca7b1', true, false, false, false, '0da896cf-1ff7-428b-a50a-4ba3e2381598', '2026-04-09T17:20:55.707Z', '2026-04-09T17:20:55.707Z');
INSERT INTO permissions (company_id, user_id, dataset_id, can_view, can_edit, can_delete, can_query, granted_by, created_at, updated_at) VALUES ('a30f03c1-3378-4c49-8a9d-bdcecac1fcc3', '8cb34e6e-04a6-4e65-b372-34637466e402', 'd764d364-9461-491b-8609-ce466c2ca7b1', true, false, false, false, '0da896cf-1ff7-428b-a50a-4ba3e2381598', '2026-04-09T17:20:55.707Z', '2026-04-09T17:20:55.707Z');
INSERT INTO permissions (company_id, user_id, dataset_id, can_view, can_edit, can_delete, can_query, granted_by, created_at, updated_at) VALUES ('a30f03c1-3378-4c49-8a9d-bdcecac1fcc3', '3fe4e0e9-61f7-4bed-a0b3-d88536bbc934', 'd764d364-9461-491b-8609-ce466c2ca7b1', true, false, false, false, '0da896cf-1ff7-428b-a50a-4ba3e2381598', '2026-04-09T17:20:55.707Z', '2026-04-09T17:20:55.707Z');
INSERT INTO permissions (company_id, user_id, dataset_id, can_view, can_edit, can_delete, can_query, granted_by, created_at, updated_at) VALUES ('a30f03c1-3378-4c49-8a9d-bdcecac1fcc3', '261b50d2-efad-49ee-b775-3378730aa82a', 'd764d364-9461-491b-8609-ce466c2ca7b1', true, false, false, false, '0da896cf-1ff7-428b-a50a-4ba3e2381598', '2026-04-09T17:20:55.707Z', '2026-04-09T17:20:55.707Z');
INSERT INTO permissions (company_id, user_id, dataset_id, can_view, can_edit, can_delete, can_query, granted_by, created_at, updated_at) VALUES ('a30f03c1-3378-4c49-8a9d-bdcecac1fcc3', '464ec90f-0826-4a8a-b772-1a4d5e198a31', 'd764d364-9461-491b-8609-ce466c2ca7b1', true, false, false, false, '0da896cf-1ff7-428b-a50a-4ba3e2381598', '2026-04-09T17:20:55.707Z', '2026-04-09T17:20:55.707Z');
INSERT INTO permissions (company_id, user_id, dataset_id, can_view, can_edit, can_delete, can_query, granted_by, created_at, updated_at) VALUES ('a30f03c1-3378-4c49-8a9d-bdcecac1fcc3', '015a93c9-8966-4634-9c9e-1d624e90eb60', 'd764d364-9461-491b-8609-ce466c2ca7b1', true, true, false, false, '0da896cf-1ff7-428b-a50a-4ba3e2381598', '2026-04-09T17:20:55.707Z', '2026-04-09T17:20:55.707Z');
INSERT INTO permissions (company_id, user_id, dataset_id, can_view, can_edit, can_delete, can_query, granted_by, created_at, updated_at) VALUES ('a30f03c1-3378-4c49-8a9d-bdcecac1fcc3', '4e0a969d-539f-4201-8156-9bb3099ca146', 'd764d364-9461-491b-8609-ce466c2ca7b1', true, true, false, false, '0da896cf-1ff7-428b-a50a-4ba3e2381598', '2026-04-09T17:20:55.707Z', '2026-04-09T17:20:55.707Z');
INSERT INTO permissions (company_id, user_id, dataset_id, can_view, can_edit, can_delete, can_query, granted_by, created_at, updated_at) VALUES ('a30f03c1-3378-4c49-8a9d-bdcecac1fcc3', '0c03da34-7ed2-46dd-835f-a1edb7a7eba6', 'd764d364-9461-491b-8609-ce466c2ca7b1', true, true, false, false, '0da896cf-1ff7-428b-a50a-4ba3e2381598', '2026-04-09T17:20:55.707Z', '2026-04-09T17:20:55.707Z');
INSERT INTO permissions (company_id, user_id, dataset_id, can_view, can_edit, can_delete, can_query, granted_by, created_at, updated_at) VALUES ('a30f03c1-3378-4c49-8a9d-bdcecac1fcc3', 'fc3e0a0d-10bf-4f5a-8fa5-c812ed5fdef1', 'd764d364-9461-491b-8609-ce466c2ca7b1', true, true, false, false, '0da896cf-1ff7-428b-a50a-4ba3e2381598', '2026-04-09T17:20:55.707Z', '2026-04-09T17:20:55.707Z');
INSERT INTO permissions (company_id, user_id, dataset_id, can_view, can_edit, can_delete, can_query, granted_by, created_at, updated_at) VALUES ('a30f03c1-3378-4c49-8a9d-bdcecac1fcc3', '69920775-9927-4dd6-8e92-7c3b33cd6fb7', 'd764d364-9461-491b-8609-ce466c2ca7b1', true, true, false, false, '0da896cf-1ff7-428b-a50a-4ba3e2381598', '2026-04-09T17:20:55.707Z', '2026-04-09T17:20:55.707Z');
INSERT INTO permissions (company_id, user_id, dataset_id, can_view, can_edit, can_delete, can_query, granted_by, created_at, updated_at) VALUES ('a30f03c1-3378-4c49-8a9d-bdcecac1fcc3', '4aa8ebdf-5a8e-489d-b8c0-5ea6a5019418', 'd764d364-9461-491b-8609-ce466c2ca7b1', true, false, false, false, '0da896cf-1ff7-428b-a50a-4ba3e2381598', '2026-04-09T17:20:55.707Z', '2026-04-09T17:20:55.707Z');
INSERT INTO permissions (company_id, user_id, dataset_id, can_view, can_edit, can_delete, can_query, granted_by, created_at, updated_at) VALUES ('a30f03c1-3378-4c49-8a9d-bdcecac1fcc3', '07ee10de-ddaa-4b84-ad92-b315a5ae576d', 'd764d364-9461-491b-8609-ce466c2ca7b1', true, false, false, false, '0da896cf-1ff7-428b-a50a-4ba3e2381598', '2026-04-09T17:20:55.707Z', '2026-04-09T17:20:55.707Z');
INSERT INTO permissions (company_id, user_id, dataset_id, can_view, can_edit, can_delete, can_query, granted_by, created_at, updated_at) VALUES ('a30f03c1-3378-4c49-8a9d-bdcecac1fcc3', 'f2527369-ba33-45df-a6e1-a44e755a6c50', 'd764d364-9461-491b-8609-ce466c2ca7b1', true, false, false, false, '0da896cf-1ff7-428b-a50a-4ba3e2381598', '2026-04-09T17:20:55.707Z', '2026-04-09T17:20:55.707Z');
INSERT INTO permissions (company_id, user_id, dataset_id, can_view, can_edit, can_delete, can_query, granted_by, created_at, updated_at) VALUES ('a30f03c1-3378-4c49-8a9d-bdcecac1fcc3', '7c6a9556-78b0-463e-8d57-9680e6b968e9', 'd764d364-9461-491b-8609-ce466c2ca7b1', true, false, false, false, '0da896cf-1ff7-428b-a50a-4ba3e2381598', '2026-04-09T17:20:55.707Z', '2026-04-09T17:20:55.707Z');
INSERT INTO permissions (company_id, user_id, dataset_id, can_view, can_edit, can_delete, can_query, granted_by, created_at, updated_at) VALUES ('a30f03c1-3378-4c49-8a9d-bdcecac1fcc3', 'b0b6b626-3bea-4941-8335-f1f112ebfbe0', 'd764d364-9461-491b-8609-ce466c2ca7b1', true, false, false, false, '0da896cf-1ff7-428b-a50a-4ba3e2381598', '2026-04-09T17:20:55.707Z', '2026-04-09T17:20:55.707Z');
INSERT INTO permissions (company_id, user_id, dataset_id, can_view, can_edit, can_delete, can_query, granted_by, created_at, updated_at) VALUES ('a30f03c1-3378-4c49-8a9d-bdcecac1fcc3', '0da896cf-1ff7-428b-a50a-4ba3e2381598', '9d82030e-8a34-449e-ae5b-27535cc1d30a', true, true, false, true, '0da896cf-1ff7-428b-a50a-4ba3e2381598', '2026-04-09T17:20:55.707Z', '2026-04-09T17:20:55.707Z');
INSERT INTO permissions (company_id, user_id, dataset_id, can_view, can_edit, can_delete, can_query, granted_by, created_at, updated_at) VALUES ('a30f03c1-3378-4c49-8a9d-bdcecac1fcc3', 'a4155ce5-b0b2-48d0-b598-20610d3b8c37', '9d82030e-8a34-449e-ae5b-27535cc1d30a', true, false, false, false, '0da896cf-1ff7-428b-a50a-4ba3e2381598', '2026-04-09T17:20:55.707Z', '2026-04-09T17:20:55.707Z');
INSERT INTO permissions (company_id, user_id, dataset_id, can_view, can_edit, can_delete, can_query, granted_by, created_at, updated_at) VALUES ('a30f03c1-3378-4c49-8a9d-bdcecac1fcc3', '51e009f1-b383-4232-81f5-da69b5b06b0b', '9d82030e-8a34-449e-ae5b-27535cc1d30a', true, false, false, false, '0da896cf-1ff7-428b-a50a-4ba3e2381598', '2026-04-09T17:20:55.707Z', '2026-04-09T17:20:55.707Z');
INSERT INTO permissions (company_id, user_id, dataset_id, can_view, can_edit, can_delete, can_query, granted_by, created_at, updated_at) VALUES ('a30f03c1-3378-4c49-8a9d-bdcecac1fcc3', 'ade85986-075d-4b4f-94f6-7cfa92b28c10', '9d82030e-8a34-449e-ae5b-27535cc1d30a', true, false, false, false, '0da896cf-1ff7-428b-a50a-4ba3e2381598', '2026-04-09T17:20:55.707Z', '2026-04-09T17:20:55.707Z');
INSERT INTO permissions (company_id, user_id, dataset_id, can_view, can_edit, can_delete, can_query, granted_by, created_at, updated_at) VALUES ('a30f03c1-3378-4c49-8a9d-bdcecac1fcc3', '68fc943b-2277-48a9-99db-6a1dfc58c688', '9d82030e-8a34-449e-ae5b-27535cc1d30a', true, false, false, false, '0da896cf-1ff7-428b-a50a-4ba3e2381598', '2026-04-09T17:20:55.707Z', '2026-04-09T17:20:55.707Z');
INSERT INTO permissions (company_id, user_id, dataset_id, can_view, can_edit, can_delete, can_query, granted_by, created_at, updated_at) VALUES ('a30f03c1-3378-4c49-8a9d-bdcecac1fcc3', '80fba16d-3f48-4714-834b-ae2d8f9f3685', '9d82030e-8a34-449e-ae5b-27535cc1d30a', true, false, false, false, '0da896cf-1ff7-428b-a50a-4ba3e2381598', '2026-04-09T17:20:55.707Z', '2026-04-09T17:20:55.707Z');
INSERT INTO permissions (company_id, user_id, dataset_id, can_view, can_edit, can_delete, can_query, granted_by, created_at, updated_at) VALUES ('a30f03c1-3378-4c49-8a9d-bdcecac1fcc3', 'ab1309d4-3e1b-46f1-ab74-30f3cabea7a9', '9d82030e-8a34-449e-ae5b-27535cc1d30a', true, false, false, true, '0da896cf-1ff7-428b-a50a-4ba3e2381598', '2026-04-09T17:20:55.707Z', '2026-04-09T17:20:55.707Z');
INSERT INTO permissions (company_id, user_id, dataset_id, can_view, can_edit, can_delete, can_query, granted_by, created_at, updated_at) VALUES ('a30f03c1-3378-4c49-8a9d-bdcecac1fcc3', '8cb34e6e-04a6-4e65-b372-34637466e402', '9d82030e-8a34-449e-ae5b-27535cc1d30a', true, false, false, true, '0da896cf-1ff7-428b-a50a-4ba3e2381598', '2026-04-09T17:20:55.707Z', '2026-04-09T17:20:55.707Z');
INSERT INTO permissions (company_id, user_id, dataset_id, can_view, can_edit, can_delete, can_query, granted_by, created_at, updated_at) VALUES ('a30f03c1-3378-4c49-8a9d-bdcecac1fcc3', '3fe4e0e9-61f7-4bed-a0b3-d88536bbc934', '9d82030e-8a34-449e-ae5b-27535cc1d30a', true, false, false, true, '0da896cf-1ff7-428b-a50a-4ba3e2381598', '2026-04-09T17:20:55.707Z', '2026-04-09T17:20:55.707Z');
INSERT INTO permissions (company_id, user_id, dataset_id, can_view, can_edit, can_delete, can_query, granted_by, created_at, updated_at) VALUES ('a30f03c1-3378-4c49-8a9d-bdcecac1fcc3', '261b50d2-efad-49ee-b775-3378730aa82a', '9d82030e-8a34-449e-ae5b-27535cc1d30a', true, false, false, true, '0da896cf-1ff7-428b-a50a-4ba3e2381598', '2026-04-09T17:20:55.707Z', '2026-04-09T17:20:55.707Z');
INSERT INTO permissions (company_id, user_id, dataset_id, can_view, can_edit, can_delete, can_query, granted_by, created_at, updated_at) VALUES ('a30f03c1-3378-4c49-8a9d-bdcecac1fcc3', '464ec90f-0826-4a8a-b772-1a4d5e198a31', '9d82030e-8a34-449e-ae5b-27535cc1d30a', true, false, false, true, '0da896cf-1ff7-428b-a50a-4ba3e2381598', '2026-04-09T17:20:55.707Z', '2026-04-09T17:20:55.707Z');
INSERT INTO permissions (company_id, user_id, dataset_id, can_view, can_edit, can_delete, can_query, granted_by, created_at, updated_at) VALUES ('a30f03c1-3378-4c49-8a9d-bdcecac1fcc3', '015a93c9-8966-4634-9c9e-1d624e90eb60', '9d82030e-8a34-449e-ae5b-27535cc1d30a', true, false, false, false, '0da896cf-1ff7-428b-a50a-4ba3e2381598', '2026-04-09T17:20:55.707Z', '2026-04-09T17:20:55.707Z');
INSERT INTO permissions (company_id, user_id, dataset_id, can_view, can_edit, can_delete, can_query, granted_by, created_at, updated_at) VALUES ('a30f03c1-3378-4c49-8a9d-bdcecac1fcc3', '4e0a969d-539f-4201-8156-9bb3099ca146', '9d82030e-8a34-449e-ae5b-27535cc1d30a', true, false, false, false, '0da896cf-1ff7-428b-a50a-4ba3e2381598', '2026-04-09T17:20:55.707Z', '2026-04-09T17:20:55.707Z');
INSERT INTO permissions (company_id, user_id, dataset_id, can_view, can_edit, can_delete, can_query, granted_by, created_at, updated_at) VALUES ('a30f03c1-3378-4c49-8a9d-bdcecac1fcc3', '0c03da34-7ed2-46dd-835f-a1edb7a7eba6', '9d82030e-8a34-449e-ae5b-27535cc1d30a', true, false, false, false, '0da896cf-1ff7-428b-a50a-4ba3e2381598', '2026-04-09T17:20:55.707Z', '2026-04-09T17:20:55.707Z');
INSERT INTO permissions (company_id, user_id, dataset_id, can_view, can_edit, can_delete, can_query, granted_by, created_at, updated_at) VALUES ('a30f03c1-3378-4c49-8a9d-bdcecac1fcc3', 'fc3e0a0d-10bf-4f5a-8fa5-c812ed5fdef1', '9d82030e-8a34-449e-ae5b-27535cc1d30a', true, false, false, false, '0da896cf-1ff7-428b-a50a-4ba3e2381598', '2026-04-09T17:20:55.707Z', '2026-04-09T17:20:55.707Z');
INSERT INTO permissions (company_id, user_id, dataset_id, can_view, can_edit, can_delete, can_query, granted_by, created_at, updated_at) VALUES ('a30f03c1-3378-4c49-8a9d-bdcecac1fcc3', '69920775-9927-4dd6-8e92-7c3b33cd6fb7', '9d82030e-8a34-449e-ae5b-27535cc1d30a', true, false, false, false, '0da896cf-1ff7-428b-a50a-4ba3e2381598', '2026-04-09T17:20:55.707Z', '2026-04-09T17:20:55.707Z');
INSERT INTO permissions (company_id, user_id, dataset_id, can_view, can_edit, can_delete, can_query, granted_by, created_at, updated_at) VALUES ('a30f03c1-3378-4c49-8a9d-bdcecac1fcc3', '4aa8ebdf-5a8e-489d-b8c0-5ea6a5019418', '9d82030e-8a34-449e-ae5b-27535cc1d30a', true, false, false, false, '0da896cf-1ff7-428b-a50a-4ba3e2381598', '2026-04-09T17:20:55.707Z', '2026-04-09T17:20:55.707Z');
INSERT INTO permissions (company_id, user_id, dataset_id, can_view, can_edit, can_delete, can_query, granted_by, created_at, updated_at) VALUES ('a30f03c1-3378-4c49-8a9d-bdcecac1fcc3', '07ee10de-ddaa-4b84-ad92-b315a5ae576d', '9d82030e-8a34-449e-ae5b-27535cc1d30a', true, false, false, false, '0da896cf-1ff7-428b-a50a-4ba3e2381598', '2026-04-09T17:20:55.707Z', '2026-04-09T17:20:55.707Z');
INSERT INTO permissions (company_id, user_id, dataset_id, can_view, can_edit, can_delete, can_query, granted_by, created_at, updated_at) VALUES ('a30f03c1-3378-4c49-8a9d-bdcecac1fcc3', 'f2527369-ba33-45df-a6e1-a44e755a6c50', '9d82030e-8a34-449e-ae5b-27535cc1d30a', true, false, false, false, '0da896cf-1ff7-428b-a50a-4ba3e2381598', '2026-04-09T17:20:55.707Z', '2026-04-09T17:20:55.707Z');
INSERT INTO permissions (company_id, user_id, dataset_id, can_view, can_edit, can_delete, can_query, granted_by, created_at, updated_at) VALUES ('a30f03c1-3378-4c49-8a9d-bdcecac1fcc3', '7c6a9556-78b0-463e-8d57-9680e6b968e9', '9d82030e-8a34-449e-ae5b-27535cc1d30a', true, false, false, false, '0da896cf-1ff7-428b-a50a-4ba3e2381598', '2026-04-09T17:20:55.707Z', '2026-04-09T17:20:55.707Z');
INSERT INTO permissions (company_id, user_id, dataset_id, can_view, can_edit, can_delete, can_query, granted_by, created_at, updated_at) VALUES ('a30f03c1-3378-4c49-8a9d-bdcecac1fcc3', 'b0b6b626-3bea-4941-8335-f1f112ebfbe0', '9d82030e-8a34-449e-ae5b-27535cc1d30a', true, false, false, false, '0da896cf-1ff7-428b-a50a-4ba3e2381598', '2026-04-09T17:20:55.707Z', '2026-04-09T17:20:55.707Z');
INSERT INTO permissions (company_id, user_id, dataset_id, can_view, can_edit, can_delete, can_query, granted_by, created_at, updated_at) VALUES ('a30f03c1-3378-4c49-8a9d-bdcecac1fcc3', '0da896cf-1ff7-428b-a50a-4ba3e2381598', 'f1079f15-fd22-441c-807f-185f8bd5211c', true, true, false, true, '0da896cf-1ff7-428b-a50a-4ba3e2381598', '2026-04-09T17:20:55.707Z', '2026-04-09T17:20:55.707Z');
INSERT INTO permissions (company_id, user_id, dataset_id, can_view, can_edit, can_delete, can_query, granted_by, created_at, updated_at) VALUES ('a30f03c1-3378-4c49-8a9d-bdcecac1fcc3', 'a4155ce5-b0b2-48d0-b598-20610d3b8c37', 'f1079f15-fd22-441c-807f-185f8bd5211c', true, false, false, true, '0da896cf-1ff7-428b-a50a-4ba3e2381598', '2026-04-09T17:20:55.707Z', '2026-04-09T17:20:55.707Z');
INSERT INTO permissions (company_id, user_id, dataset_id, can_view, can_edit, can_delete, can_query, granted_by, created_at, updated_at) VALUES ('a30f03c1-3378-4c49-8a9d-bdcecac1fcc3', '51e009f1-b383-4232-81f5-da69b5b06b0b', 'f1079f15-fd22-441c-807f-185f8bd5211c', true, false, false, true, '0da896cf-1ff7-428b-a50a-4ba3e2381598', '2026-04-09T17:20:55.707Z', '2026-04-09T17:20:55.707Z');
INSERT INTO permissions (company_id, user_id, dataset_id, can_view, can_edit, can_delete, can_query, granted_by, created_at, updated_at) VALUES ('a30f03c1-3378-4c49-8a9d-bdcecac1fcc3', 'ade85986-075d-4b4f-94f6-7cfa92b28c10', 'f1079f15-fd22-441c-807f-185f8bd5211c', true, false, false, false, '0da896cf-1ff7-428b-a50a-4ba3e2381598', '2026-04-09T17:20:55.707Z', '2026-04-09T17:20:55.707Z');
INSERT INTO permissions (company_id, user_id, dataset_id, can_view, can_edit, can_delete, can_query, granted_by, created_at, updated_at) VALUES ('a30f03c1-3378-4c49-8a9d-bdcecac1fcc3', '68fc943b-2277-48a9-99db-6a1dfc58c688', 'f1079f15-fd22-441c-807f-185f8bd5211c', true, false, false, false, '0da896cf-1ff7-428b-a50a-4ba3e2381598', '2026-04-09T17:20:55.707Z', '2026-04-09T17:20:55.707Z');
INSERT INTO permissions (company_id, user_id, dataset_id, can_view, can_edit, can_delete, can_query, granted_by, created_at, updated_at) VALUES ('a30f03c1-3378-4c49-8a9d-bdcecac1fcc3', '80fba16d-3f48-4714-834b-ae2d8f9f3685', 'f1079f15-fd22-441c-807f-185f8bd5211c', true, false, false, false, '0da896cf-1ff7-428b-a50a-4ba3e2381598', '2026-04-09T17:20:55.707Z', '2026-04-09T17:20:55.707Z');
INSERT INTO permissions (company_id, user_id, dataset_id, can_view, can_edit, can_delete, can_query, granted_by, created_at, updated_at) VALUES ('a30f03c1-3378-4c49-8a9d-bdcecac1fcc3', 'ab1309d4-3e1b-46f1-ab74-30f3cabea7a9', 'f1079f15-fd22-441c-807f-185f8bd5211c', true, false, false, true, '0da896cf-1ff7-428b-a50a-4ba3e2381598', '2026-04-09T17:20:55.707Z', '2026-04-09T17:20:55.707Z');
INSERT INTO permissions (company_id, user_id, dataset_id, can_view, can_edit, can_delete, can_query, granted_by, created_at, updated_at) VALUES ('a30f03c1-3378-4c49-8a9d-bdcecac1fcc3', '8cb34e6e-04a6-4e65-b372-34637466e402', 'f1079f15-fd22-441c-807f-185f8bd5211c', true, false, false, true, '0da896cf-1ff7-428b-a50a-4ba3e2381598', '2026-04-09T17:20:55.707Z', '2026-04-09T17:20:55.707Z');
INSERT INTO permissions (company_id, user_id, dataset_id, can_view, can_edit, can_delete, can_query, granted_by, created_at, updated_at) VALUES ('a30f03c1-3378-4c49-8a9d-bdcecac1fcc3', '3fe4e0e9-61f7-4bed-a0b3-d88536bbc934', 'f1079f15-fd22-441c-807f-185f8bd5211c', true, false, false, false, '0da896cf-1ff7-428b-a50a-4ba3e2381598', '2026-04-09T17:20:55.707Z', '2026-04-09T17:20:55.707Z');
INSERT INTO permissions (company_id, user_id, dataset_id, can_view, can_edit, can_delete, can_query, granted_by, created_at, updated_at) VALUES ('a30f03c1-3378-4c49-8a9d-bdcecac1fcc3', '261b50d2-efad-49ee-b775-3378730aa82a', 'f1079f15-fd22-441c-807f-185f8bd5211c', true, false, false, false, '0da896cf-1ff7-428b-a50a-4ba3e2381598', '2026-04-09T17:20:55.707Z', '2026-04-09T17:20:55.707Z');
INSERT INTO permissions (company_id, user_id, dataset_id, can_view, can_edit, can_delete, can_query, granted_by, created_at, updated_at) VALUES ('a30f03c1-3378-4c49-8a9d-bdcecac1fcc3', '464ec90f-0826-4a8a-b772-1a4d5e198a31', 'f1079f15-fd22-441c-807f-185f8bd5211c', true, false, false, false, '0da896cf-1ff7-428b-a50a-4ba3e2381598', '2026-04-09T17:20:55.707Z', '2026-04-09T17:20:55.707Z');
INSERT INTO permissions (company_id, user_id, dataset_id, can_view, can_edit, can_delete, can_query, granted_by, created_at, updated_at) VALUES ('a30f03c1-3378-4c49-8a9d-bdcecac1fcc3', '015a93c9-8966-4634-9c9e-1d624e90eb60', 'f1079f15-fd22-441c-807f-185f8bd5211c', true, false, false, true, '0da896cf-1ff7-428b-a50a-4ba3e2381598', '2026-04-09T17:20:55.707Z', '2026-04-09T17:20:55.707Z');
INSERT INTO permissions (company_id, user_id, dataset_id, can_view, can_edit, can_delete, can_query, granted_by, created_at, updated_at) VALUES ('a30f03c1-3378-4c49-8a9d-bdcecac1fcc3', '4e0a969d-539f-4201-8156-9bb3099ca146', 'f1079f15-fd22-441c-807f-185f8bd5211c', true, false, false, true, '0da896cf-1ff7-428b-a50a-4ba3e2381598', '2026-04-09T17:20:55.707Z', '2026-04-09T17:20:55.707Z');
INSERT INTO permissions (company_id, user_id, dataset_id, can_view, can_edit, can_delete, can_query, granted_by, created_at, updated_at) VALUES ('a30f03c1-3378-4c49-8a9d-bdcecac1fcc3', '0c03da34-7ed2-46dd-835f-a1edb7a7eba6', 'f1079f15-fd22-441c-807f-185f8bd5211c', true, false, false, false, '0da896cf-1ff7-428b-a50a-4ba3e2381598', '2026-04-09T17:20:55.707Z', '2026-04-09T17:20:55.707Z');
INSERT INTO permissions (company_id, user_id, dataset_id, can_view, can_edit, can_delete, can_query, granted_by, created_at, updated_at) VALUES ('a30f03c1-3378-4c49-8a9d-bdcecac1fcc3', 'fc3e0a0d-10bf-4f5a-8fa5-c812ed5fdef1', 'f1079f15-fd22-441c-807f-185f8bd5211c', true, false, false, false, '0da896cf-1ff7-428b-a50a-4ba3e2381598', '2026-04-09T17:20:55.707Z', '2026-04-09T17:20:55.707Z');
INSERT INTO permissions (company_id, user_id, dataset_id, can_view, can_edit, can_delete, can_query, granted_by, created_at, updated_at) VALUES ('a30f03c1-3378-4c49-8a9d-bdcecac1fcc3', '69920775-9927-4dd6-8e92-7c3b33cd6fb7', 'f1079f15-fd22-441c-807f-185f8bd5211c', true, false, false, false, '0da896cf-1ff7-428b-a50a-4ba3e2381598', '2026-04-09T17:20:55.707Z', '2026-04-09T17:20:55.707Z');
INSERT INTO permissions (company_id, user_id, dataset_id, can_view, can_edit, can_delete, can_query, granted_by, created_at, updated_at) VALUES ('a30f03c1-3378-4c49-8a9d-bdcecac1fcc3', '4aa8ebdf-5a8e-489d-b8c0-5ea6a5019418', 'f1079f15-fd22-441c-807f-185f8bd5211c', true, false, false, true, '0da896cf-1ff7-428b-a50a-4ba3e2381598', '2026-04-09T17:20:55.707Z', '2026-04-09T17:20:55.707Z');
INSERT INTO permissions (company_id, user_id, dataset_id, can_view, can_edit, can_delete, can_query, granted_by, created_at, updated_at) VALUES ('a30f03c1-3378-4c49-8a9d-bdcecac1fcc3', '07ee10de-ddaa-4b84-ad92-b315a5ae576d', 'f1079f15-fd22-441c-807f-185f8bd5211c', true, false, false, true, '0da896cf-1ff7-428b-a50a-4ba3e2381598', '2026-04-09T17:20:55.707Z', '2026-04-09T17:20:55.707Z');
INSERT INTO permissions (company_id, user_id, dataset_id, can_view, can_edit, can_delete, can_query, granted_by, created_at, updated_at) VALUES ('a30f03c1-3378-4c49-8a9d-bdcecac1fcc3', 'f2527369-ba33-45df-a6e1-a44e755a6c50', 'f1079f15-fd22-441c-807f-185f8bd5211c', true, false, false, false, '0da896cf-1ff7-428b-a50a-4ba3e2381598', '2026-04-09T17:20:55.707Z', '2026-04-09T17:20:55.707Z');
INSERT INTO permissions (company_id, user_id, dataset_id, can_view, can_edit, can_delete, can_query, granted_by, created_at, updated_at) VALUES ('a30f03c1-3378-4c49-8a9d-bdcecac1fcc3', '7c6a9556-78b0-463e-8d57-9680e6b968e9', 'f1079f15-fd22-441c-807f-185f8bd5211c', true, false, false, false, '0da896cf-1ff7-428b-a50a-4ba3e2381598', '2026-04-09T17:20:55.707Z', '2026-04-09T17:20:55.707Z');
INSERT INTO permissions (company_id, user_id, dataset_id, can_view, can_edit, can_delete, can_query, granted_by, created_at, updated_at) VALUES ('a30f03c1-3378-4c49-8a9d-bdcecac1fcc3', 'b0b6b626-3bea-4941-8335-f1f112ebfbe0', 'f1079f15-fd22-441c-807f-185f8bd5211c', true, false, false, false, '0da896cf-1ff7-428b-a50a-4ba3e2381598', '2026-04-09T17:20:55.707Z', '2026-04-09T17:20:55.707Z');
INSERT INTO permissions (company_id, user_id, dataset_id, can_view, can_edit, can_delete, can_query, granted_by, created_at, updated_at) VALUES ('a30f03c1-3378-4c49-8a9d-bdcecac1fcc3', '0da896cf-1ff7-428b-a50a-4ba3e2381598', 'd8ffa514-d672-40bf-b023-d3acfbd5ca16', true, true, false, true, '0da896cf-1ff7-428b-a50a-4ba3e2381598', '2026-04-09T17:20:55.707Z', '2026-04-09T17:20:55.707Z');
INSERT INTO permissions (company_id, user_id, dataset_id, can_view, can_edit, can_delete, can_query, granted_by, created_at, updated_at) VALUES ('a30f03c1-3378-4c49-8a9d-bdcecac1fcc3', 'a4155ce5-b0b2-48d0-b598-20610d3b8c37', 'd8ffa514-d672-40bf-b023-d3acfbd5ca16', true, false, false, false, '0da896cf-1ff7-428b-a50a-4ba3e2381598', '2026-04-09T17:20:55.707Z', '2026-04-09T17:20:55.707Z');
INSERT INTO permissions (company_id, user_id, dataset_id, can_view, can_edit, can_delete, can_query, granted_by, created_at, updated_at) VALUES ('a30f03c1-3378-4c49-8a9d-bdcecac1fcc3', '51e009f1-b383-4232-81f5-da69b5b06b0b', 'd8ffa514-d672-40bf-b023-d3acfbd5ca16', true, false, false, false, '0da896cf-1ff7-428b-a50a-4ba3e2381598', '2026-04-09T17:20:55.707Z', '2026-04-09T17:20:55.707Z');
INSERT INTO permissions (company_id, user_id, dataset_id, can_view, can_edit, can_delete, can_query, granted_by, created_at, updated_at) VALUES ('a30f03c1-3378-4c49-8a9d-bdcecac1fcc3', 'ade85986-075d-4b4f-94f6-7cfa92b28c10', 'd8ffa514-d672-40bf-b023-d3acfbd5ca16', true, false, false, false, '0da896cf-1ff7-428b-a50a-4ba3e2381598', '2026-04-09T17:20:55.707Z', '2026-04-09T17:20:55.707Z');
INSERT INTO permissions (company_id, user_id, dataset_id, can_view, can_edit, can_delete, can_query, granted_by, created_at, updated_at) VALUES ('a30f03c1-3378-4c49-8a9d-bdcecac1fcc3', '68fc943b-2277-48a9-99db-6a1dfc58c688', 'd8ffa514-d672-40bf-b023-d3acfbd5ca16', true, false, false, false, '0da896cf-1ff7-428b-a50a-4ba3e2381598', '2026-04-09T17:20:55.707Z', '2026-04-09T17:20:55.707Z');
INSERT INTO permissions (company_id, user_id, dataset_id, can_view, can_edit, can_delete, can_query, granted_by, created_at, updated_at) VALUES ('a30f03c1-3378-4c49-8a9d-bdcecac1fcc3', '80fba16d-3f48-4714-834b-ae2d8f9f3685', 'd8ffa514-d672-40bf-b023-d3acfbd5ca16', true, false, false, false, '0da896cf-1ff7-428b-a50a-4ba3e2381598', '2026-04-09T17:20:55.707Z', '2026-04-09T17:20:55.707Z');
INSERT INTO permissions (company_id, user_id, dataset_id, can_view, can_edit, can_delete, can_query, granted_by, created_at, updated_at) VALUES ('a30f03c1-3378-4c49-8a9d-bdcecac1fcc3', 'ab1309d4-3e1b-46f1-ab74-30f3cabea7a9', 'd8ffa514-d672-40bf-b023-d3acfbd5ca16', true, false, false, false, '0da896cf-1ff7-428b-a50a-4ba3e2381598', '2026-04-09T17:20:55.707Z', '2026-04-09T17:20:55.707Z');
INSERT INTO permissions (company_id, user_id, dataset_id, can_view, can_edit, can_delete, can_query, granted_by, created_at, updated_at) VALUES ('a30f03c1-3378-4c49-8a9d-bdcecac1fcc3', '8cb34e6e-04a6-4e65-b372-34637466e402', 'd8ffa514-d672-40bf-b023-d3acfbd5ca16', true, false, false, false, '0da896cf-1ff7-428b-a50a-4ba3e2381598', '2026-04-09T17:20:55.707Z', '2026-04-09T17:20:55.707Z');
INSERT INTO permissions (company_id, user_id, dataset_id, can_view, can_edit, can_delete, can_query, granted_by, created_at, updated_at) VALUES ('a30f03c1-3378-4c49-8a9d-bdcecac1fcc3', '3fe4e0e9-61f7-4bed-a0b3-d88536bbc934', 'd8ffa514-d672-40bf-b023-d3acfbd5ca16', true, false, false, false, '0da896cf-1ff7-428b-a50a-4ba3e2381598', '2026-04-09T17:20:55.707Z', '2026-04-09T17:20:55.707Z');
INSERT INTO permissions (company_id, user_id, dataset_id, can_view, can_edit, can_delete, can_query, granted_by, created_at, updated_at) VALUES ('a30f03c1-3378-4c49-8a9d-bdcecac1fcc3', '261b50d2-efad-49ee-b775-3378730aa82a', 'd8ffa514-d672-40bf-b023-d3acfbd5ca16', true, false, false, false, '0da896cf-1ff7-428b-a50a-4ba3e2381598', '2026-04-09T17:20:55.707Z', '2026-04-09T17:20:55.707Z');
INSERT INTO permissions (company_id, user_id, dataset_id, can_view, can_edit, can_delete, can_query, granted_by, created_at, updated_at) VALUES ('a30f03c1-3378-4c49-8a9d-bdcecac1fcc3', '464ec90f-0826-4a8a-b772-1a4d5e198a31', 'd8ffa514-d672-40bf-b023-d3acfbd5ca16', true, false, false, false, '0da896cf-1ff7-428b-a50a-4ba3e2381598', '2026-04-09T17:20:55.707Z', '2026-04-09T17:20:55.707Z');
INSERT INTO permissions (company_id, user_id, dataset_id, can_view, can_edit, can_delete, can_query, granted_by, created_at, updated_at) VALUES ('a30f03c1-3378-4c49-8a9d-bdcecac1fcc3', '015a93c9-8966-4634-9c9e-1d624e90eb60', 'd8ffa514-d672-40bf-b023-d3acfbd5ca16', true, false, false, false, '0da896cf-1ff7-428b-a50a-4ba3e2381598', '2026-04-09T17:20:55.707Z', '2026-04-09T17:20:55.707Z');
INSERT INTO permissions (company_id, user_id, dataset_id, can_view, can_edit, can_delete, can_query, granted_by, created_at, updated_at) VALUES ('a30f03c1-3378-4c49-8a9d-bdcecac1fcc3', '4e0a969d-539f-4201-8156-9bb3099ca146', 'd8ffa514-d672-40bf-b023-d3acfbd5ca16', true, false, false, false, '0da896cf-1ff7-428b-a50a-4ba3e2381598', '2026-04-09T17:20:55.707Z', '2026-04-09T17:20:55.707Z');
INSERT INTO permissions (company_id, user_id, dataset_id, can_view, can_edit, can_delete, can_query, granted_by, created_at, updated_at) VALUES ('a30f03c1-3378-4c49-8a9d-bdcecac1fcc3', '0c03da34-7ed2-46dd-835f-a1edb7a7eba6', 'd8ffa514-d672-40bf-b023-d3acfbd5ca16', true, false, false, false, '0da896cf-1ff7-428b-a50a-4ba3e2381598', '2026-04-09T17:20:55.707Z', '2026-04-09T17:20:55.707Z');
INSERT INTO permissions (company_id, user_id, dataset_id, can_view, can_edit, can_delete, can_query, granted_by, created_at, updated_at) VALUES ('a30f03c1-3378-4c49-8a9d-bdcecac1fcc3', 'fc3e0a0d-10bf-4f5a-8fa5-c812ed5fdef1', 'd8ffa514-d672-40bf-b023-d3acfbd5ca16', true, false, false, false, '0da896cf-1ff7-428b-a50a-4ba3e2381598', '2026-04-09T17:20:55.707Z', '2026-04-09T17:20:55.707Z');
INSERT INTO permissions (company_id, user_id, dataset_id, can_view, can_edit, can_delete, can_query, granted_by, created_at, updated_at) VALUES ('a30f03c1-3378-4c49-8a9d-bdcecac1fcc3', '69920775-9927-4dd6-8e92-7c3b33cd6fb7', 'd8ffa514-d672-40bf-b023-d3acfbd5ca16', true, false, false, false, '0da896cf-1ff7-428b-a50a-4ba3e2381598', '2026-04-09T17:20:55.707Z', '2026-04-09T17:20:55.707Z');
INSERT INTO permissions (company_id, user_id, dataset_id, can_view, can_edit, can_delete, can_query, granted_by, created_at, updated_at) VALUES ('a30f03c1-3378-4c49-8a9d-bdcecac1fcc3', '4aa8ebdf-5a8e-489d-b8c0-5ea6a5019418', 'd8ffa514-d672-40bf-b023-d3acfbd5ca16', true, true, false, false, '0da896cf-1ff7-428b-a50a-4ba3e2381598', '2026-04-09T17:20:55.707Z', '2026-04-09T17:20:55.707Z');
INSERT INTO permissions (company_id, user_id, dataset_id, can_view, can_edit, can_delete, can_query, granted_by, created_at, updated_at) VALUES ('a30f03c1-3378-4c49-8a9d-bdcecac1fcc3', '07ee10de-ddaa-4b84-ad92-b315a5ae576d', 'd8ffa514-d672-40bf-b023-d3acfbd5ca16', true, true, false, false, '0da896cf-1ff7-428b-a50a-4ba3e2381598', '2026-04-09T17:20:55.707Z', '2026-04-09T17:20:55.707Z');
INSERT INTO permissions (company_id, user_id, dataset_id, can_view, can_edit, can_delete, can_query, granted_by, created_at, updated_at) VALUES ('a30f03c1-3378-4c49-8a9d-bdcecac1fcc3', 'f2527369-ba33-45df-a6e1-a44e755a6c50', 'd8ffa514-d672-40bf-b023-d3acfbd5ca16', true, true, false, false, '0da896cf-1ff7-428b-a50a-4ba3e2381598', '2026-04-09T17:20:55.707Z', '2026-04-09T17:20:55.707Z');
INSERT INTO permissions (company_id, user_id, dataset_id, can_view, can_edit, can_delete, can_query, granted_by, created_at, updated_at) VALUES ('a30f03c1-3378-4c49-8a9d-bdcecac1fcc3', '7c6a9556-78b0-463e-8d57-9680e6b968e9', 'd8ffa514-d672-40bf-b023-d3acfbd5ca16', true, false, false, false, '0da896cf-1ff7-428b-a50a-4ba3e2381598', '2026-04-09T17:20:55.707Z', '2026-04-09T17:20:55.707Z');
INSERT INTO permissions (company_id, user_id, dataset_id, can_view, can_edit, can_delete, can_query, granted_by, created_at, updated_at) VALUES ('a30f03c1-3378-4c49-8a9d-bdcecac1fcc3', 'b0b6b626-3bea-4941-8335-f1f112ebfbe0', 'd8ffa514-d672-40bf-b023-d3acfbd5ca16', true, false, false, false, '0da896cf-1ff7-428b-a50a-4ba3e2381598', '2026-04-09T17:20:55.707Z', '2026-04-09T17:20:55.707Z');
INSERT INTO permissions (company_id, user_id, dataset_id, can_view, can_edit, can_delete, can_query, granted_by, created_at, updated_at) VALUES ('a30f03c1-3378-4c49-8a9d-bdcecac1fcc3', '0da896cf-1ff7-428b-a50a-4ba3e2381598', '80591828-e999-4e53-9560-699e0d9adc60', true, true, false, true, '0da896cf-1ff7-428b-a50a-4ba3e2381598', '2026-04-09T17:20:55.707Z', '2026-04-09T17:20:55.707Z');
INSERT INTO permissions (company_id, user_id, dataset_id, can_view, can_edit, can_delete, can_query, granted_by, created_at, updated_at) VALUES ('a30f03c1-3378-4c49-8a9d-bdcecac1fcc3', 'a4155ce5-b0b2-48d0-b598-20610d3b8c37', '80591828-e999-4e53-9560-699e0d9adc60', true, true, false, true, '0da896cf-1ff7-428b-a50a-4ba3e2381598', '2026-04-09T17:20:55.707Z', '2026-04-09T17:20:55.707Z');
INSERT INTO permissions (company_id, user_id, dataset_id, can_view, can_edit, can_delete, can_query, granted_by, created_at, updated_at) VALUES ('a30f03c1-3378-4c49-8a9d-bdcecac1fcc3', '51e009f1-b383-4232-81f5-da69b5b06b0b', '80591828-e999-4e53-9560-699e0d9adc60', true, true, false, true, '0da896cf-1ff7-428b-a50a-4ba3e2381598', '2026-04-09T17:20:55.707Z', '2026-04-09T17:20:55.707Z');
INSERT INTO permissions (company_id, user_id, dataset_id, can_view, can_edit, can_delete, can_query, granted_by, created_at, updated_at) VALUES ('a30f03c1-3378-4c49-8a9d-bdcecac1fcc3', 'ade85986-075d-4b4f-94f6-7cfa92b28c10', '80591828-e999-4e53-9560-699e0d9adc60', true, true, false, true, '0da896cf-1ff7-428b-a50a-4ba3e2381598', '2026-04-09T17:20:55.707Z', '2026-04-09T17:20:55.707Z');
INSERT INTO permissions (company_id, user_id, dataset_id, can_view, can_edit, can_delete, can_query, granted_by, created_at, updated_at) VALUES ('a30f03c1-3378-4c49-8a9d-bdcecac1fcc3', '68fc943b-2277-48a9-99db-6a1dfc58c688', '80591828-e999-4e53-9560-699e0d9adc60', true, true, false, true, '0da896cf-1ff7-428b-a50a-4ba3e2381598', '2026-04-09T17:20:55.707Z', '2026-04-09T17:20:55.707Z');
INSERT INTO permissions (company_id, user_id, dataset_id, can_view, can_edit, can_delete, can_query, granted_by, created_at, updated_at) VALUES ('a30f03c1-3378-4c49-8a9d-bdcecac1fcc3', '80fba16d-3f48-4714-834b-ae2d8f9f3685', '80591828-e999-4e53-9560-699e0d9adc60', true, true, false, true, '0da896cf-1ff7-428b-a50a-4ba3e2381598', '2026-04-09T17:20:55.707Z', '2026-04-09T17:20:55.707Z');
INSERT INTO permissions (company_id, user_id, dataset_id, can_view, can_edit, can_delete, can_query, granted_by, created_at, updated_at) VALUES ('a30f03c1-3378-4c49-8a9d-bdcecac1fcc3', 'ab1309d4-3e1b-46f1-ab74-30f3cabea7a9', '80591828-e999-4e53-9560-699e0d9adc60', true, false, false, false, '0da896cf-1ff7-428b-a50a-4ba3e2381598', '2026-04-09T17:20:55.707Z', '2026-04-09T17:20:55.707Z');
INSERT INTO permissions (company_id, user_id, dataset_id, can_view, can_edit, can_delete, can_query, granted_by, created_at, updated_at) VALUES ('a30f03c1-3378-4c49-8a9d-bdcecac1fcc3', '8cb34e6e-04a6-4e65-b372-34637466e402', '80591828-e999-4e53-9560-699e0d9adc60', true, false, false, false, '0da896cf-1ff7-428b-a50a-4ba3e2381598', '2026-04-09T17:20:55.707Z', '2026-04-09T17:20:55.707Z');
INSERT INTO permissions (company_id, user_id, dataset_id, can_view, can_edit, can_delete, can_query, granted_by, created_at, updated_at) VALUES ('a30f03c1-3378-4c49-8a9d-bdcecac1fcc3', '3fe4e0e9-61f7-4bed-a0b3-d88536bbc934', '80591828-e999-4e53-9560-699e0d9adc60', true, false, false, false, '0da896cf-1ff7-428b-a50a-4ba3e2381598', '2026-04-09T17:20:55.707Z', '2026-04-09T17:20:55.707Z');
INSERT INTO permissions (company_id, user_id, dataset_id, can_view, can_edit, can_delete, can_query, granted_by, created_at, updated_at) VALUES ('a30f03c1-3378-4c49-8a9d-bdcecac1fcc3', '261b50d2-efad-49ee-b775-3378730aa82a', '80591828-e999-4e53-9560-699e0d9adc60', true, false, false, false, '0da896cf-1ff7-428b-a50a-4ba3e2381598', '2026-04-09T17:20:55.707Z', '2026-04-09T17:20:55.707Z');
INSERT INTO permissions (company_id, user_id, dataset_id, can_view, can_edit, can_delete, can_query, granted_by, created_at, updated_at) VALUES ('a30f03c1-3378-4c49-8a9d-bdcecac1fcc3', '464ec90f-0826-4a8a-b772-1a4d5e198a31', '80591828-e999-4e53-9560-699e0d9adc60', true, false, false, false, '0da896cf-1ff7-428b-a50a-4ba3e2381598', '2026-04-09T17:20:55.707Z', '2026-04-09T17:20:55.707Z');
INSERT INTO permissions (company_id, user_id, dataset_id, can_view, can_edit, can_delete, can_query, granted_by, created_at, updated_at) VALUES ('a30f03c1-3378-4c49-8a9d-bdcecac1fcc3', '015a93c9-8966-4634-9c9e-1d624e90eb60', '80591828-e999-4e53-9560-699e0d9adc60', true, false, false, false, '0da896cf-1ff7-428b-a50a-4ba3e2381598', '2026-04-09T17:20:55.707Z', '2026-04-09T17:20:55.707Z');
INSERT INTO permissions (company_id, user_id, dataset_id, can_view, can_edit, can_delete, can_query, granted_by, created_at, updated_at) VALUES ('a30f03c1-3378-4c49-8a9d-bdcecac1fcc3', '4e0a969d-539f-4201-8156-9bb3099ca146', '80591828-e999-4e53-9560-699e0d9adc60', true, false, false, false, '0da896cf-1ff7-428b-a50a-4ba3e2381598', '2026-04-09T17:20:55.707Z', '2026-04-09T17:20:55.707Z');
INSERT INTO permissions (company_id, user_id, dataset_id, can_view, can_edit, can_delete, can_query, granted_by, created_at, updated_at) VALUES ('a30f03c1-3378-4c49-8a9d-bdcecac1fcc3', '0c03da34-7ed2-46dd-835f-a1edb7a7eba6', '80591828-e999-4e53-9560-699e0d9adc60', true, false, false, false, '0da896cf-1ff7-428b-a50a-4ba3e2381598', '2026-04-09T17:20:55.707Z', '2026-04-09T17:20:55.707Z');
INSERT INTO permissions (company_id, user_id, dataset_id, can_view, can_edit, can_delete, can_query, granted_by, created_at, updated_at) VALUES ('a30f03c1-3378-4c49-8a9d-bdcecac1fcc3', 'fc3e0a0d-10bf-4f5a-8fa5-c812ed5fdef1', '80591828-e999-4e53-9560-699e0d9adc60', true, false, false, false, '0da896cf-1ff7-428b-a50a-4ba3e2381598', '2026-04-09T17:20:55.707Z', '2026-04-09T17:20:55.707Z');
INSERT INTO permissions (company_id, user_id, dataset_id, can_view, can_edit, can_delete, can_query, granted_by, created_at, updated_at) VALUES ('a30f03c1-3378-4c49-8a9d-bdcecac1fcc3', '69920775-9927-4dd6-8e92-7c3b33cd6fb7', '80591828-e999-4e53-9560-699e0d9adc60', true, false, false, false, '0da896cf-1ff7-428b-a50a-4ba3e2381598', '2026-04-09T17:20:55.707Z', '2026-04-09T17:20:55.707Z');
INSERT INTO permissions (company_id, user_id, dataset_id, can_view, can_edit, can_delete, can_query, granted_by, created_at, updated_at) VALUES ('a30f03c1-3378-4c49-8a9d-bdcecac1fcc3', '4aa8ebdf-5a8e-489d-b8c0-5ea6a5019418', '80591828-e999-4e53-9560-699e0d9adc60', true, false, false, false, '0da896cf-1ff7-428b-a50a-4ba3e2381598', '2026-04-09T17:20:55.707Z', '2026-04-09T17:20:55.707Z');
INSERT INTO permissions (company_id, user_id, dataset_id, can_view, can_edit, can_delete, can_query, granted_by, created_at, updated_at) VALUES ('a30f03c1-3378-4c49-8a9d-bdcecac1fcc3', '07ee10de-ddaa-4b84-ad92-b315a5ae576d', '80591828-e999-4e53-9560-699e0d9adc60', true, false, false, false, '0da896cf-1ff7-428b-a50a-4ba3e2381598', '2026-04-09T17:20:55.707Z', '2026-04-09T17:20:55.707Z');
INSERT INTO permissions (company_id, user_id, dataset_id, can_view, can_edit, can_delete, can_query, granted_by, created_at, updated_at) VALUES ('a30f03c1-3378-4c49-8a9d-bdcecac1fcc3', 'f2527369-ba33-45df-a6e1-a44e755a6c50', '80591828-e999-4e53-9560-699e0d9adc60', true, false, false, false, '0da896cf-1ff7-428b-a50a-4ba3e2381598', '2026-04-09T17:20:55.707Z', '2026-04-09T17:20:55.707Z');
INSERT INTO permissions (company_id, user_id, dataset_id, can_view, can_edit, can_delete, can_query, granted_by, created_at, updated_at) VALUES ('a30f03c1-3378-4c49-8a9d-bdcecac1fcc3', '7c6a9556-78b0-463e-8d57-9680e6b968e9', '80591828-e999-4e53-9560-699e0d9adc60', true, false, false, false, '0da896cf-1ff7-428b-a50a-4ba3e2381598', '2026-04-09T17:20:55.707Z', '2026-04-09T17:20:55.707Z');
INSERT INTO permissions (company_id, user_id, dataset_id, can_view, can_edit, can_delete, can_query, granted_by, created_at, updated_at) VALUES ('a30f03c1-3378-4c49-8a9d-bdcecac1fcc3', 'b0b6b626-3bea-4941-8335-f1f112ebfbe0', '80591828-e999-4e53-9560-699e0d9adc60', true, false, false, false, '0da896cf-1ff7-428b-a50a-4ba3e2381598', '2026-04-09T17:20:55.707Z', '2026-04-09T17:20:55.707Z');
INSERT INTO permissions (company_id, user_id, dataset_id, can_view, can_edit, can_delete, can_query, granted_by, created_at, updated_at) VALUES ('a30f03c1-3378-4c49-8a9d-bdcecac1fcc3', 'ade85986-075d-4b4f-94f6-7cfa92b28c10', 'c189376b-61e0-4e69-9f9b-ebc220fcf3c4', false, false, false, false, '0da896cf-1ff7-428b-a50a-4ba3e2381598', '2026-04-11T20:51:41.633Z', '2026-04-11T20:51:42.354Z');
INSERT INTO permissions (company_id, user_id, dataset_id, can_view, can_edit, can_delete, can_query, granted_by, created_at, updated_at) VALUES ('a30f03c1-3378-4c49-8a9d-bdcecac1fcc3', '0c03da34-7ed2-46dd-835f-a1edb7a7eba6', 'c189376b-61e0-4e69-9f9b-ebc220fcf3c4', true, false, false, false, '0da896cf-1ff7-428b-a50a-4ba3e2381598', '2026-04-11T19:54:07.318Z', '2026-04-11T20:51:47.508Z');
INSERT INTO permissions (company_id, user_id, dataset_id, can_view, can_edit, can_delete, can_query, granted_by, created_at, updated_at) VALUES ('a30f03c1-3378-4c49-8a9d-bdcecac1fcc3', '464ec90f-0826-4a8a-b772-1a4d5e198a31', 'e6b4aa33-3ec7-4d96-a6af-422bb3451297', true, false, false, false, '8b1a54a0-b0d9-4153-a4b5-dbe06a699759', '2026-04-12T06:54:01.759Z', '2026-04-12T06:54:01.759Z');
INSERT INTO permissions (company_id, user_id, dataset_id, can_view, can_edit, can_delete, can_query, granted_by, created_at, updated_at) VALUES ('a30f03c1-3378-4c49-8a9d-bdcecac1fcc3', '015a93c9-8966-4634-9c9e-1d624e90eb60', 'e6b4aa33-3ec7-4d96-a6af-422bb3451297', true, false, false, false, '8b1a54a0-b0d9-4153-a4b5-dbe06a699759', '2026-04-12T06:54:08.293Z', '2026-04-12T06:54:08.293Z');
INSERT INTO permissions (company_id, user_id, dataset_id, can_view, can_edit, can_delete, can_query, granted_by, created_at, updated_at) VALUES ('a30f03c1-3378-4c49-8a9d-bdcecac1fcc3', 'a4155ce5-b0b2-48d0-b598-20610d3b8c37', 'e6b4aa33-3ec7-4d96-a6af-422bb3451297', false, false, false, false, '8b1a54a0-b0d9-4153-a4b5-dbe06a699759', '2026-04-12T06:54:09.207Z', '2026-04-12T06:54:12.550Z');
INSERT INTO permissions (company_id, user_id, dataset_id, can_view, can_edit, can_delete, can_query, granted_by, created_at, updated_at) VALUES ('a30f03c1-3378-4c49-8a9d-bdcecac1fcc3', '4e0a969d-539f-4201-8156-9bb3099ca146', 'e6b4aa33-3ec7-4d96-a6af-422bb3451297', true, false, false, false, '8b1a54a0-b0d9-4153-a4b5-dbe06a699759', '2026-04-12T06:54:15.953Z', '2026-04-12T06:54:15.953Z');
INSERT INTO permissions (company_id, user_id, dataset_id, can_view, can_edit, can_delete, can_query, granted_by, created_at, updated_at) VALUES ('a30f03c1-3378-4c49-8a9d-bdcecac1fcc3', '7c6a9556-78b0-463e-8d57-9680e6b968e9', 'e6b4aa33-3ec7-4d96-a6af-422bb3451297', false, false, false, false, '0da896cf-1ff7-428b-a50a-4ba3e2381598', '2026-04-12T06:13:08.357Z', '2026-04-12T06:54:25.953Z');
INSERT INTO permissions (company_id, user_id, dataset_id, can_view, can_edit, can_delete, can_query, granted_by, created_at, updated_at) VALUES ('a30f03c1-3378-4c49-8a9d-bdcecac1fcc3', '464ec90f-0826-4a8a-b772-1a4d5e198a31', 'a8e72092-f37c-43f3-b43c-8980c94f96e9', true, false, false, false, '8b1a54a0-b0d9-4153-a4b5-dbe06a699759', '2026-04-12T06:59:59.677Z', '2026-04-12T06:59:59.677Z');
INSERT INTO permissions (company_id, user_id, dataset_id, can_view, can_edit, can_delete, can_query, granted_by, created_at, updated_at) VALUES ('a30f03c1-3378-4c49-8a9d-bdcecac1fcc3', 'ade85986-075d-4b4f-94f6-7cfa92b28c10', 'a8e72092-f37c-43f3-b43c-8980c94f96e9', true, false, false, false, '0da896cf-1ff7-428b-a50a-4ba3e2381598', '2026-04-12T09:42:46.472Z', '2026-04-12T09:42:46.472Z');
INSERT INTO permissions (company_id, user_id, dataset_id, can_view, can_edit, can_delete, can_query, granted_by, created_at, updated_at) VALUES ('a30f03c1-3378-4c49-8a9d-bdcecac1fcc3', '0c03da34-7ed2-46dd-835f-a1edb7a7eba6', 'a8e72092-f37c-43f3-b43c-8980c94f96e9', true, false, false, false, '0da896cf-1ff7-428b-a50a-4ba3e2381598', '2026-04-12T18:06:33.871Z', '2026-04-12T18:06:33.871Z');

-- Table: query_logs
INSERT INTO query_logs (log_id, company_id, user_id, dataset_id, query_text, query_type, execution_time_ms, status, rows_returned, timestamp, generated_code, error_msg) VALUES ('d12aa0f5-f9ad-4d2d-991a-e79f01ad8348', 'a30f03c1-3378-4c49-8a9d-bdcecac1fcc3', 'a4155ce5-b0b2-48d0-b598-20610d3b8c37', '80591828-e999-4e53-9560-699e0d9adc60', 'SELECT * FROM sales WHERE year=2024', 'select', 125, 'success', 5420, '2026-04-09T14:20:55.707Z', NULL, NULL);
INSERT INTO query_logs (log_id, company_id, user_id, dataset_id, query_text, query_type, execution_time_ms, status, rows_returned, timestamp, generated_code, error_msg) VALUES ('11373438-fb37-4b59-9656-b055ec44794d', 'a30f03c1-3378-4c49-8a9d-bdcecac1fcc3', 'ab1309d4-3e1b-46f1-ab74-30f3cabea7a9', '9d82030e-8a34-449e-ae5b-27535cc1d30a', 'SELECT COUNT(*) FROM transactions GROUP BY category', 'select', 87, 'success', 42, '2026-04-09T15:00:55.707Z', NULL, NULL);
INSERT INTO query_logs (log_id, company_id, user_id, dataset_id, query_text, query_type, execution_time_ms, status, rows_returned, timestamp, generated_code, error_msg) VALUES ('bcf2814f-f7ab-464f-b7e1-2d078e76cd48', 'a30f03c1-3378-4c49-8a9d-bdcecac1fcc3', '464ec90f-0826-4a8a-b772-1a4d5e198a31', 'f1079f15-fd22-441c-807f-185f8bd5211c', 'SELECT AVG(amount) FROM orders WHERE date > 2024-01-01', 'select', 156, 'success', 8921, '2026-04-09T16:20:55.707Z', NULL, NULL);
INSERT INTO query_logs (log_id, company_id, user_id, dataset_id, query_text, query_type, execution_time_ms, status, rows_returned, timestamp, generated_code, error_msg) VALUES ('eb780125-e7cf-480c-bd11-7ae2243342fc', 'a30f03c1-3378-4c49-8a9d-bdcecac1fcc3', '51e009f1-b383-4232-81f5-da69b5b06b0b', '80591828-e999-4e53-9560-699e0d9adc60', 'SELECT region, SUM(revenue) FROM sales GROUP BY region', 'select', 210, 'success', 12, '2026-04-08T15:20:55.707Z', NULL, NULL);
INSERT INTO query_logs (log_id, company_id, user_id, dataset_id, query_text, query_type, execution_time_ms, status, rows_returned, timestamp, generated_code, error_msg) VALUES ('690254d4-5036-4262-8143-8fe4cce8699c', 'a30f03c1-3378-4c49-8a9d-bdcecac1fcc3', '8cb34e6e-04a6-4e65-b372-34637466e402', '9d82030e-8a34-449e-ae5b-27535cc1d30a', 'SELECT * FROM dataset WHERE status = active LIMIT 100', 'select', 98, 'success', 100, '2026-04-09T06:20:55.707Z', NULL, NULL);
INSERT INTO query_logs (log_id, company_id, user_id, dataset_id, query_text, query_type, execution_time_ms, status, rows_returned, timestamp, generated_code, error_msg) VALUES ('71b5c68e-0a1b-4ea9-b68a-a5e970c64b87', 'a30f03c1-3378-4c49-8a9d-bdcecac1fcc3', '4e0a969d-539f-4201-8156-9bb3099ca146', 'd764d364-9461-491b-8609-ce466c2ca7b1', 'SELECT COUNT(DISTINCT user_id) FROM events', 'select', 145, 'success', 1, '2026-04-09T09:20:55.707Z', NULL, NULL);
INSERT INTO query_logs (log_id, company_id, user_id, dataset_id, query_text, query_type, execution_time_ms, status, rows_returned, timestamp, generated_code, error_msg) VALUES ('539f78e7-e1ad-442d-b5dc-54b27b5e3cf5', 'a30f03c1-3378-4c49-8a9d-bdcecac1fcc3', 'f2527369-ba33-45df-a6e1-a44e755a6c50', 'd8ffa514-d672-40bf-b023-d3acfbd5ca16', 'SELECT * FROM analytics WHERE metric > 100', 'select', 167, 'success', 456, '2026-04-09T11:20:55.707Z', NULL, NULL);
INSERT INTO query_logs (log_id, company_id, user_id, dataset_id, query_text, query_type, execution_time_ms, status, rows_returned, timestamp, generated_code, error_msg) VALUES ('b2d14eb0-f5fc-4633-868b-acd8aab3f7d2', 'a30f03c1-3378-4c49-8a9d-bdcecac1fcc3', 'ade85986-075d-4b4f-94f6-7cfa92b28c10', 'a8e72092-f37c-43f3-b43c-8980c94f96e9', 'Hi', 'greeting', 10583, 'success', NULL, '2026-04-12T14:45:06.887Z', NULL, NULL);
INSERT INTO query_logs (log_id, company_id, user_id, dataset_id, query_text, query_type, execution_time_ms, status, rows_returned, timestamp, generated_code, error_msg) VALUES ('4c33480f-6fb5-447b-83c0-47418e21966c', 'a30f03c1-3378-4c49-8a9d-bdcecac1fcc3', 'ade85986-075d-4b4f-94f6-7cfa92b28c10', 'a8e72092-f37c-43f3-b43c-8980c94f96e9', 'What columns are available?', 'insight', 11141, 'success', NULL, '2026-04-12T14:47:10.049Z', 'result = df.columns.tolist()', NULL);
INSERT INTO query_logs (log_id, company_id, user_id, dataset_id, query_text, query_type, execution_time_ms, status, rows_returned, timestamp, generated_code, error_msg) VALUES ('708de7bf-c3c4-4da9-992a-552533a9ff43', 'a30f03c1-3378-4c49-8a9d-bdcecac1fcc3', 'ade85986-075d-4b4f-94f6-7cfa92b28c10', 'a8e72092-f37c-43f3-b43c-8980c94f96e9', 'How many rows are in this dataset?', 'insight', 9607, 'success', NULL, '2026-04-12T14:47:55.346Z', 'result = len(df)', NULL);
INSERT INTO query_logs (log_id, company_id, user_id, dataset_id, query_text, query_type, execution_time_ms, status, rows_returned, timestamp, generated_code, error_msg) VALUES ('95a5ee39-6e53-436a-920f-a1bd02c06a4f', 'a30f03c1-3378-4c49-8a9d-bdcecac1fcc3', 'ade85986-075d-4b4f-94f6-7cfa92b28c10', 'a8e72092-f37c-43f3-b43c-8980c94f96e9', 'tell me the columns that contains null values, or outpiers', 'missing', 9440, 'success', NULL, '2026-04-12T14:48:34.677Z', NULL, NULL);
INSERT INTO query_logs (log_id, company_id, user_id, dataset_id, query_text, query_type, execution_time_ms, status, rows_returned, timestamp, generated_code, error_msg) VALUES ('99057785-0d98-4b40-8b31-062aa5576084', 'a30f03c1-3378-4c49-8a9d-bdcecac1fcc3', 'ade85986-075d-4b4f-94f6-7cfa92b28c10', 'a8e72092-f37c-43f3-b43c-8980c94f96e9', 'tell me the columns that contains null values, or outliers', 'missing', 9109, 'success', NULL, '2026-04-12T14:48:57.919Z', NULL, NULL);
INSERT INTO query_logs (log_id, company_id, user_id, dataset_id, query_text, query_type, execution_time_ms, status, rows_returned, timestamp, generated_code, error_msg) VALUES ('d7ce9b7d-9062-4df1-a144-bc8146002cdf', 'a30f03c1-3378-4c49-8a9d-bdcecac1fcc3', 'ade85986-075d-4b4f-94f6-7cfa92b28c10', 'a8e72092-f37c-43f3-b43c-8980c94f96e9', 'Hi', 'greeting', 10580, 'success', NULL, '2026-04-12T15:06:00.720Z', NULL, NULL);
INSERT INTO query_logs (log_id, company_id, user_id, dataset_id, query_text, query_type, execution_time_ms, status, rows_returned, timestamp, generated_code, error_msg) VALUES ('2a6e9b5b-ae70-4998-9064-6d0e2677f4ee', 'a30f03c1-3378-4c49-8a9d-bdcecac1fcc3', 'ade85986-075d-4b4f-94f6-7cfa92b28c10', 'a8e72092-f37c-43f3-b43c-8980c94f96e9', 'Hi', 'greeting', 6964, 'success', NULL, '2026-04-12T15:49:28.796Z', NULL, NULL);
INSERT INTO query_logs (log_id, company_id, user_id, dataset_id, query_text, query_type, execution_time_ms, status, rows_returned, timestamp, generated_code, error_msg) VALUES ('0eb54970-91cc-40fe-9b99-33d1444c953d', 'a30f03c1-3378-4c49-8a9d-bdcecac1fcc3', 'ade85986-075d-4b4f-94f6-7cfa92b28c10', 'a8e72092-f37c-43f3-b43c-8980c94f96e9', 'hi', 'greeting', 9073, 'success', NULL, '2026-04-12T15:53:35.814Z', NULL, NULL);
INSERT INTO query_logs (log_id, company_id, user_id, dataset_id, query_text, query_type, execution_time_ms, status, rows_returned, timestamp, generated_code, error_msg) VALUES ('2eaa6683-47ce-4aaf-8c7a-6b19e24c0547', 'a30f03c1-3378-4c49-8a9d-bdcecac1fcc3', 'ade85986-075d-4b4f-94f6-7cfa92b28c10', 'a8e72092-f37c-43f3-b43c-8980c94f96e9', 'Hi, Are you Groq', 'greeting', 5422, 'success', NULL, '2026-04-12T16:14:06.940Z', NULL, NULL);
INSERT INTO query_logs (log_id, company_id, user_id, dataset_id, query_text, query_type, execution_time_ms, status, rows_returned, timestamp, generated_code, error_msg) VALUES ('1c251f13-bb6c-4f72-bc6a-1bc0ea9ca137', 'a30f03c1-3378-4c49-8a9d-bdcecac1fcc3', 'ade85986-075d-4b4f-94f6-7cfa92b28c10', 'a8e72092-f37c-43f3-b43c-8980c94f96e9', 'Hi', 'greeting', 3706, 'success', NULL, '2026-04-12T16:16:33.488Z', NULL, NULL);
INSERT INTO query_logs (log_id, company_id, user_id, dataset_id, query_text, query_type, execution_time_ms, status, rows_returned, timestamp, generated_code, error_msg) VALUES ('5856f3f6-a0d8-4fe6-b7cf-7444064c62ee', 'a30f03c1-3378-4c49-8a9d-bdcecac1fcc3', 'ade85986-075d-4b4f-94f6-7cfa92b28c10', 'a8e72092-f37c-43f3-b43c-8980c94f96e9', 'Give me a summary of this dataset', 'insight', 4137, 'success', NULL, '2026-04-12T16:16:45.501Z', 'result = df.describe()', NULL);
INSERT INTO query_logs (log_id, company_id, user_id, dataset_id, query_text, query_type, execution_time_ms, status, rows_returned, timestamp, generated_code, error_msg) VALUES ('7c8ee679-e50f-4da0-8c87-f43ee2b324b0', 'a30f03c1-3378-4c49-8a9d-bdcecac1fcc3', 'ade85986-075d-4b4f-94f6-7cfa92b28c10', 'a8e72092-f37c-43f3-b43c-8980c94f96e9', 'what is this dataset about', 'modify_denied', 2441, 'failed', NULL, '2026-04-12T16:17:21.716Z', NULL, 'permission_denied');
INSERT INTO query_logs (log_id, company_id, user_id, dataset_id, query_text, query_type, execution_time_ms, status, rows_returned, timestamp, generated_code, error_msg) VALUES ('b5aa8f63-f0a9-4ed5-a95b-5657db2260d8', 'a30f03c1-3378-4c49-8a9d-bdcecac1fcc3', 'ade85986-075d-4b4f-94f6-7cfa92b28c10', 'a8e72092-f37c-43f3-b43c-8980c94f96e9', 'what is the data about', 'unknown', 3976, 'success', NULL, '2026-04-12T16:22:46.548Z', NULL, NULL);
INSERT INTO query_logs (log_id, company_id, user_id, dataset_id, query_text, query_type, execution_time_ms, status, rows_returned, timestamp, generated_code, error_msg) VALUES ('d95aa272-49bf-4fdf-b7c2-16fe90a03655', 'a30f03c1-3378-4c49-8a9d-bdcecac1fcc3', 'ade85986-075d-4b4f-94f6-7cfa92b28c10', 'a8e72092-f37c-43f3-b43c-8980c94f96e9', 'Are there any anomalies', 'anomaly', 3087, 'success', NULL, '2026-04-12T16:23:09.022Z', NULL, NULL);
INSERT INTO query_logs (log_id, company_id, user_id, dataset_id, query_text, query_type, execution_time_ms, status, rows_returned, timestamp, generated_code, error_msg) VALUES ('2c3f986e-aa2a-49b3-b0b2-8d8df2435383', 'a30f03c1-3378-4c49-8a9d-bdcecac1fcc3', 'ade85986-075d-4b4f-94f6-7cfa92b28c10', 'a8e72092-f37c-43f3-b43c-8980c94f96e9', 'What is an anomaly', 'anomaly', 3079, 'success', NULL, '2026-04-12T16:23:25.115Z', NULL, NULL);
INSERT INTO query_logs (log_id, company_id, user_id, dataset_id, query_text, query_type, execution_time_ms, status, rows_returned, timestamp, generated_code, error_msg) VALUES ('28e302c1-716a-47ee-b323-9540216d1884', 'a30f03c1-3378-4c49-8a9d-bdcecac1fcc3', 'ade85986-075d-4b4f-94f6-7cfa92b28c10', 'a8e72092-f37c-43f3-b43c-8980c94f96e9', '"What does the revenue column represent?"', 'columns', 4746, 'success', NULL, '2026-04-12T16:29:05.706Z', NULL, NULL);
INSERT INTO query_logs (log_id, company_id, user_id, dataset_id, query_text, query_type, execution_time_ms, status, rows_returned, timestamp, generated_code, error_msg) VALUES ('fc482d42-de3b-4e71-a514-3a6fbd0f48a0', 'a30f03c1-3378-4c49-8a9d-bdcecac1fcc3', 'ade85986-075d-4b4f-94f6-7cfa92b28c10', 'a8e72092-f37c-43f3-b43c-8980c94f96e9', 'Hi, are you groq', 'greeting', 5783, 'success', NULL, '2026-04-12T16:45:54.532Z', NULL, NULL);
INSERT INTO query_logs (log_id, company_id, user_id, dataset_id, query_text, query_type, execution_time_ms, status, rows_returned, timestamp, generated_code, error_msg) VALUES ('8d55411e-0cb6-4b49-a7e6-b07f14202433', 'a30f03c1-3378-4c49-8a9d-bdcecac1fcc3', 'ade85986-075d-4b4f-94f6-7cfa92b28c10', 'a8e72092-f37c-43f3-b43c-8980c94f96e9', 'Give me a summary of this dataset', 'insight', 5626, 'success', NULL, '2026-04-12T16:47:14.126Z', 'result = df.describe()', NULL);
INSERT INTO query_logs (log_id, company_id, user_id, dataset_id, query_text, query_type, execution_time_ms, status, rows_returned, timestamp, generated_code, error_msg) VALUES ('a305c69c-c4a8-42fa-bca2-a7d80e71196a', 'a30f03c1-3378-4c49-8a9d-bdcecac1fcc3', 'ade85986-075d-4b4f-94f6-7cfa92b28c10', 'a8e72092-f37c-43f3-b43c-8980c94f96e9', 'is pregnancies column exist in dataset', 'insight', 4854, 'success', NULL, '2026-04-12T16:48:08.259Z', 'result = ''pregnancies'' in df.columns', NULL);
INSERT INTO query_logs (log_id, company_id, user_id, dataset_id, query_text, query_type, execution_time_ms, status, rows_returned, timestamp, generated_code, error_msg) VALUES ('1d69396e-a781-4d37-9a2d-cfa790f6efb9', 'a30f03c1-3378-4c49-8a9d-bdcecac1fcc3', 'ade85986-075d-4b4f-94f6-7cfa92b28c10', 'a8e72092-f37c-43f3-b43c-8980c94f96e9', 'give me the unique values in column Item_Type', 'insight', 4208, 'success', NULL, '2026-04-12T16:49:07.139Z', 'result = df[''Item_Type''].unique()', NULL);
INSERT INTO query_logs (log_id, company_id, user_id, dataset_id, query_text, query_type, execution_time_ms, status, rows_returned, timestamp, generated_code, error_msg) VALUES ('7d7bf1ad-e51e-4e21-858c-492ab003a4a3', 'a30f03c1-3378-4c49-8a9d-bdcecac1fcc3', 'ade85986-075d-4b4f-94f6-7cfa92b28c10', 'a8e72092-f37c-43f3-b43c-8980c94f96e9', 'Give me a summary of this dataset', 'insight', 5161, 'success', NULL, '2026-04-12T16:50:57.894Z', 'result = df.describe()', NULL);
INSERT INTO query_logs (log_id, company_id, user_id, dataset_id, query_text, query_type, execution_time_ms, status, rows_returned, timestamp, generated_code, error_msg) VALUES ('78281ac0-1a21-474d-a6db-ef2c9740a4f7', 'a30f03c1-3378-4c49-8a9d-bdcecac1fcc3', 'ade85986-075d-4b4f-94f6-7cfa92b28c10', 'a8e72092-f37c-43f3-b43c-8980c94f96e9', 'is revenue column exist in dataset.', 'insight', 72233, 'success', NULL, '2026-04-12T16:51:03.204Z', 'result = ''revenue'' in df.columns', NULL);
INSERT INTO query_logs (log_id, company_id, user_id, dataset_id, query_text, query_type, execution_time_ms, status, rows_returned, timestamp, generated_code, error_msg) VALUES ('1f30284f-aab0-4c3a-b985-3828273040c9', 'a30f03c1-3378-4c49-8a9d-bdcecac1fcc3', 'ade85986-075d-4b4f-94f6-7cfa92b28c10', 'a8e72092-f37c-43f3-b43c-8980c94f96e9', 'delete the database', 'modify_denied', 3081, 'failed', NULL, '2026-04-12T16:51:10.140Z', NULL, 'permission_denied');
INSERT INTO query_logs (log_id, company_id, user_id, dataset_id, query_text, query_type, execution_time_ms, status, rows_returned, timestamp, generated_code, error_msg) VALUES ('0726f324-1cd0-414f-9187-b7a4263e4cc5', 'a30f03c1-3378-4c49-8a9d-bdcecac1fcc3', 'ade85986-075d-4b4f-94f6-7cfa92b28c10', 'a8e72092-f37c-43f3-b43c-8980c94f96e9', 'okay, give me query to delete the dataset', 'modify_denied', 3060, 'failed', NULL, '2026-04-12T16:51:37.556Z', NULL, 'permission_denied');
INSERT INTO query_logs (log_id, company_id, user_id, dataset_id, query_text, query_type, execution_time_ms, status, rows_returned, timestamp, generated_code, error_msg) VALUES ('6d21b4f8-86b5-40e1-91c0-73828dc893e1', 'a30f03c1-3378-4c49-8a9d-bdcecac1fcc3', 'ade85986-075d-4b4f-94f6-7cfa92b28c10', 'a8e72092-f37c-43f3-b43c-8980c94f96e9', 'What is the average of each numeric column?', 'insight', 4577, 'success', NULL, '2026-04-12T16:52:01.107Z', 'result = df.select_dtypes(include=[''int64'', ''float64'']).mean()', NULL);
INSERT INTO query_logs (log_id, company_id, user_id, dataset_id, query_text, query_type, execution_time_ms, status, rows_returned, timestamp, generated_code, error_msg) VALUES ('c499ac04-b1d6-478c-8e0c-17fd222bb9f3', 'a30f03c1-3378-4c49-8a9d-bdcecac1fcc3', 'ade85986-075d-4b4f-94f6-7cfa92b28c10', 'a8e72092-f37c-43f3-b43c-8980c94f96e9', 'Explain the relationship between age and salary in simple terms', 'error', 4856, 'failed', NULL, '2026-04-12T16:53:08.702Z', NULL, NULL);
INSERT INTO query_logs (log_id, company_id, user_id, dataset_id, query_text, query_type, execution_time_ms, status, rows_returned, timestamp, generated_code, error_msg) VALUES ('04d65515-cf01-4279-bcdc-2abad8dbcc58', 'a30f03c1-3378-4c49-8a9d-bdcecac1fcc3', 'ade85986-075d-4b4f-94f6-7cfa92b28c10', 'a8e72092-f37c-43f3-b43c-8980c94f96e9', '"Explain the relationship between Item_Weight and Item_Visibility in simple terms"', 'error', 3724, 'failed', NULL, '2026-04-12T16:54:45.195Z', NULL, NULL);

-- Table: activity_logs
INSERT INTO activity_logs (log_id, company_id, user_id, dataset_id, activity_type, activity_description, module_name, status, ip_address, timestamp) VALUES ('dd716573-5a62-4179-bcd3-0079255b0113', 'a30f03c1-3378-4c49-8a9d-bdcecac1fcc3', '0da896cf-1ff7-428b-a50a-4ba3e2381598', NULL, 'LOGIN', 'Admin logged in', 'AUTH', 'ok', NULL, '2026-04-09T17:15:55.707Z');
INSERT INTO activity_logs (log_id, company_id, user_id, dataset_id, activity_type, activity_description, module_name, status, ip_address, timestamp) VALUES ('bb5a80d6-82bb-4707-bb44-01cf4aeaae41', 'a30f03c1-3378-4c49-8a9d-bdcecac1fcc3', 'a4155ce5-b0b2-48d0-b598-20610d3b8c37', NULL, 'LOGIN', 'Employee 01 logged in', 'AUTH', 'ok', NULL, '2026-04-09T13:20:55.707Z');
INSERT INTO activity_logs (log_id, company_id, user_id, dataset_id, activity_type, activity_description, module_name, status, ip_address, timestamp) VALUES ('e2ca5e78-c2a1-4a5e-9d05-c47636720a5a', 'a30f03c1-3378-4c49-8a9d-bdcecac1fcc3', '51e009f1-b383-4232-81f5-da69b5b06b0b', NULL, 'LOGIN', 'Employee 02 logged in', 'AUTH', 'ok', NULL, '2026-04-09T14:20:55.707Z');
INSERT INTO activity_logs (log_id, company_id, user_id, dataset_id, activity_type, activity_description, module_name, status, ip_address, timestamp) VALUES ('8be1af6f-6e06-4109-ab50-67434bd4fafc', 'a30f03c1-3378-4c49-8a9d-bdcecac1fcc3', '80fba16d-3f48-4714-834b-ae2d8f9f3685', NULL, 'LOGIN', 'Employee 05 logged in', 'AUTH', 'ok', NULL, '2026-04-09T15:20:55.707Z');
INSERT INTO activity_logs (log_id, company_id, user_id, dataset_id, activity_type, activity_description, module_name, status, ip_address, timestamp) VALUES ('5e8bf506-c297-47db-b378-78b6945c08d4', 'a30f03c1-3378-4c49-8a9d-bdcecac1fcc3', '464ec90f-0826-4a8a-b772-1a4d5e198a31', NULL, 'LOGIN', 'Employee 10 logged in', 'AUTH', 'ok', NULL, '2026-04-09T15:50:55.707Z');
INSERT INTO activity_logs (log_id, company_id, user_id, dataset_id, activity_type, activity_description, module_name, status, ip_address, timestamp) VALUES ('a32ad557-3513-404c-87b4-b4a944d12db7', 'a30f03c1-3378-4c49-8a9d-bdcecac1fcc3', '69920775-9927-4dd6-8e92-7c3b33cd6fb7', NULL, 'LOGIN', 'Employee 15 logged in', 'AUTH', 'ok', NULL, '2026-04-08T15:20:55.707Z');
INSERT INTO activity_logs (log_id, company_id, user_id, dataset_id, activity_type, activity_description, module_name, status, ip_address, timestamp) VALUES ('61a58511-65f3-42b9-9365-a8e35a049550', 'a30f03c1-3378-4c49-8a9d-bdcecac1fcc3', 'ab1309d4-3e1b-46f1-ab74-30f3cabea7a9', NULL, 'LOGIN', 'Employee 06 logged in', 'AUTH', 'ok', NULL, '2026-04-08T12:20:55.707Z');
INSERT INTO activity_logs (log_id, company_id, user_id, dataset_id, activity_type, activity_description, module_name, status, ip_address, timestamp) VALUES ('7c34a2bb-e573-4dc9-a8cd-b1f7f6a415b6', 'a30f03c1-3378-4c49-8a9d-bdcecac1fcc3', 'b0b6b626-3bea-4941-8335-f1f112ebfbe0', NULL, 'LOGIN', 'Employee 20 logged in', 'AUTH', 'ok', NULL, '2026-04-07T16:20:55.707Z');
INSERT INTO activity_logs (log_id, company_id, user_id, dataset_id, activity_type, activity_description, module_name, status, ip_address, timestamp) VALUES ('c5977f68-3f16-481c-98ad-06fc47dcea69', 'a30f03c1-3378-4c49-8a9d-bdcecac1fcc3', '0da896cf-1ff7-428b-a50a-4ba3e2381598', NULL, 'LOGIN', 'Admin logged in', 'AUTH', 'ok', NULL, '2026-04-07T11:20:55.707Z');
INSERT INTO activity_logs (log_id, company_id, user_id, dataset_id, activity_type, activity_description, module_name, status, ip_address, timestamp) VALUES ('3b0d4dac-1e42-4496-ae3e-2419663e15f1', 'a30f03c1-3378-4c49-8a9d-bdcecac1fcc3', 'a4155ce5-b0b2-48d0-b598-20610d3b8c37', '80591828-e999-4e53-9560-699e0d9adc60', 'VIEW', 'Viewed Dataset 1', 'DATASET', 'ok', NULL, '2026-04-09T13:50:55.707Z');
INSERT INTO activity_logs (log_id, company_id, user_id, dataset_id, activity_type, activity_description, module_name, status, ip_address, timestamp) VALUES ('18218d47-16ad-44d0-8ee6-0ea7fa9e837b', 'a30f03c1-3378-4c49-8a9d-bdcecac1fcc3', '51e009f1-b383-4232-81f5-da69b5b06b0b', '9d82030e-8a34-449e-ae5b-27535cc1d30a', 'VIEW', 'Viewed Dataset 2', 'DATASET', 'ok', NULL, '2026-04-09T14:35:55.707Z');
INSERT INTO activity_logs (log_id, company_id, user_id, dataset_id, activity_type, activity_description, module_name, status, ip_address, timestamp) VALUES ('0f459673-28e3-416f-acab-67903ebcb812', 'a30f03c1-3378-4c49-8a9d-bdcecac1fcc3', '80fba16d-3f48-4714-834b-ae2d8f9f3685', 'd764d364-9461-491b-8609-ce466c2ca7b1', 'VIEW', 'Viewed Dataset 3', 'DATASET', 'ok', NULL, '2026-04-09T16:00:55.707Z');
INSERT INTO activity_logs (log_id, company_id, user_id, dataset_id, activity_type, activity_description, module_name, status, ip_address, timestamp) VALUES ('b5de8a05-1ca7-43c4-b8fd-0ca9de058847', 'a30f03c1-3378-4c49-8a9d-bdcecac1fcc3', '464ec90f-0826-4a8a-b772-1a4d5e198a31', '80591828-e999-4e53-9560-699e0d9adc60', 'VIEW', 'Viewed Dataset 1', 'DATASET', 'ok', NULL, '2026-04-09T16:35:55.707Z');
INSERT INTO activity_logs (log_id, company_id, user_id, dataset_id, activity_type, activity_description, module_name, status, ip_address, timestamp) VALUES ('0958cfb4-1abe-488f-be3e-2be049087196', 'a30f03c1-3378-4c49-8a9d-bdcecac1fcc3', '69920775-9927-4dd6-8e92-7c3b33cd6fb7', 'd8ffa514-d672-40bf-b023-d3acfbd5ca16', 'VIEW', 'Viewed Dataset 4', 'DATASET', 'ok', NULL, '2026-04-08T14:20:55.707Z');
INSERT INTO activity_logs (log_id, company_id, user_id, dataset_id, activity_type, activity_description, module_name, status, ip_address, timestamp) VALUES ('5724ff55-26cb-4fdb-a99c-cdab79b01a10', 'a30f03c1-3378-4c49-8a9d-bdcecac1fcc3', 'ab1309d4-3e1b-46f1-ab74-30f3cabea7a9', '9d82030e-8a34-449e-ae5b-27535cc1d30a', 'VIEW', 'Viewed Dataset 2', 'DATASET', 'ok', NULL, '2026-04-08T13:20:55.707Z');
INSERT INTO activity_logs (log_id, company_id, user_id, dataset_id, activity_type, activity_description, module_name, status, ip_address, timestamp) VALUES ('6ad1a5f0-28f4-444e-b605-c4ee831f8d79', 'a30f03c1-3378-4c49-8a9d-bdcecac1fcc3', 'a4155ce5-b0b2-48d0-b598-20610d3b8c37', '80591828-e999-4e53-9560-699e0d9adc60', 'QUERY', 'Executed query on Dataset 1', 'CHAT', 'ok', NULL, '2026-04-09T14:20:55.707Z');
INSERT INTO activity_logs (log_id, company_id, user_id, dataset_id, activity_type, activity_description, module_name, status, ip_address, timestamp) VALUES ('64c2ba80-dc46-420e-ada4-43081e392557', 'a30f03c1-3378-4c49-8a9d-bdcecac1fcc3', 'ab1309d4-3e1b-46f1-ab74-30f3cabea7a9', '9d82030e-8a34-449e-ae5b-27535cc1d30a', 'QUERY', 'Executed query on Dataset 2', 'CHAT', 'ok', NULL, '2026-04-09T15:00:55.707Z');
INSERT INTO activity_logs (log_id, company_id, user_id, dataset_id, activity_type, activity_description, module_name, status, ip_address, timestamp) VALUES ('c2d72ca8-db7e-4c41-ab06-31b6e03221c0', 'a30f03c1-3378-4c49-8a9d-bdcecac1fcc3', '464ec90f-0826-4a8a-b772-1a4d5e198a31', 'f1079f15-fd22-441c-807f-185f8bd5211c', 'QUERY', 'Executed query on Dataset 5', 'CHAT', 'ok', NULL, '2026-04-09T16:20:55.707Z');
INSERT INTO activity_logs (log_id, company_id, user_id, dataset_id, activity_type, activity_description, module_name, status, ip_address, timestamp) VALUES ('ce8fd4ea-eb2d-4950-9d2e-ded551987b0b', 'a30f03c1-3378-4c49-8a9d-bdcecac1fcc3', '51e009f1-b383-4232-81f5-da69b5b06b0b', '80591828-e999-4e53-9560-699e0d9adc60', 'QUERY', 'Executed query on Dataset 1', 'CHAT', 'ok', NULL, '2026-04-08T15:20:55.707Z');
INSERT INTO activity_logs (log_id, company_id, user_id, dataset_id, activity_type, activity_description, module_name, status, ip_address, timestamp) VALUES ('9fd4ed8e-f8ac-448a-b270-72a6b29380fa', 'a30f03c1-3378-4c49-8a9d-bdcecac1fcc3', 'a4155ce5-b0b2-48d0-b598-20610d3b8c37', '80591828-e999-4e53-9560-699e0d9adc60', 'UPLOAD', 'Uploaded Dataset 1', 'DATASET', 'ok', NULL, '2026-03-30T17:20:55.707Z');
INSERT INTO activity_logs (log_id, company_id, user_id, dataset_id, activity_type, activity_description, module_name, status, ip_address, timestamp) VALUES ('8af778d0-d85b-4608-8e4e-c724593ea898', 'a30f03c1-3378-4c49-8a9d-bdcecac1fcc3', 'a4155ce5-b0b2-48d0-b598-20610d3b8c37', '9d82030e-8a34-449e-ae5b-27535cc1d30a', 'UPLOAD', 'Uploaded Dataset 2', 'DATASET', 'ok', NULL, '2026-03-31T17:20:55.707Z');
INSERT INTO activity_logs (log_id, company_id, user_id, dataset_id, activity_type, activity_description, module_name, status, ip_address, timestamp) VALUES ('bb066329-ea15-4c0b-96b2-5fb032d14373', 'a30f03c1-3378-4c49-8a9d-bdcecac1fcc3', '51e009f1-b383-4232-81f5-da69b5b06b0b', 'd764d364-9461-491b-8609-ce466c2ca7b1', 'UPLOAD', 'Uploaded Dataset 3', 'DATASET', 'ok', NULL, '2026-04-01T17:20:55.707Z');
INSERT INTO activity_logs (log_id, company_id, user_id, dataset_id, activity_type, activity_description, module_name, status, ip_address, timestamp) VALUES ('ea61a5cc-a8d2-4ede-b84c-35e2d7b7f6a1', 'a30f03c1-3378-4c49-8a9d-bdcecac1fcc3', 'ade85986-075d-4b4f-94f6-7cfa92b28c10', 'd8ffa514-d672-40bf-b023-d3acfbd5ca16', 'UPLOAD', 'Uploaded Dataset 4', 'DATASET', 'ok', NULL, '2026-04-02T17:20:55.707Z');
INSERT INTO activity_logs (log_id, company_id, user_id, dataset_id, activity_type, activity_description, module_name, status, ip_address, timestamp) VALUES ('92e08836-47c4-4c77-a9e0-215a848528d0', 'a30f03c1-3378-4c49-8a9d-bdcecac1fcc3', '68fc943b-2277-48a9-99db-6a1dfc58c688', 'f1079f15-fd22-441c-807f-185f8bd5211c', 'UPLOAD', 'Uploaded Dataset 5', 'DATASET', 'ok', NULL, '2026-04-03T17:20:55.707Z');
INSERT INTO activity_logs (log_id, company_id, user_id, dataset_id, activity_type, activity_description, module_name, status, ip_address, timestamp) VALUES ('86e83eea-fc73-497f-8521-69bc6cdfad28', 'a30f03c1-3378-4c49-8a9d-bdcecac1fcc3', 'a4155ce5-b0b2-48d0-b598-20610d3b8c37', '80591828-e999-4e53-9560-699e0d9adc60', 'CLEAN', 'Started data cleaning on Dataset 1', 'PIPELINE', 'ok', NULL, '2026-03-31T13:20:55.707Z');
INSERT INTO activity_logs (log_id, company_id, user_id, dataset_id, activity_type, activity_description, module_name, status, ip_address, timestamp) VALUES ('fac0cc3f-5ca6-4740-88ef-5d3d6dc19aa8', 'a30f03c1-3378-4c49-8a9d-bdcecac1fcc3', '80fba16d-3f48-4714-834b-ae2d8f9f3685', 'd764d364-9461-491b-8609-ce466c2ca7b1', 'CLEAN', 'Started data cleaning on Dataset 3', 'PIPELINE', 'ok', NULL, '2026-04-02T15:20:55.707Z');
INSERT INTO activity_logs (log_id, company_id, user_id, dataset_id, activity_type, activity_description, module_name, status, ip_address, timestamp) VALUES ('a9ff6017-6b0b-4368-8bb3-31a453d5073d', 'a30f03c1-3378-4c49-8a9d-bdcecac1fcc3', 'ade85986-075d-4b4f-94f6-7cfa92b28c10', '80591828-e999-4e53-9560-699e0d9adc60', 'TRAIN', 'Started training model on Dataset 1', 'ML', 'ok', NULL, '2026-04-01T09:20:55.707Z');
INSERT INTO activity_logs (log_id, company_id, user_id, dataset_id, activity_type, activity_description, module_name, status, ip_address, timestamp) VALUES ('b4f7502e-eb12-4b10-bd5b-ad937537abeb', 'a30f03c1-3378-4c49-8a9d-bdcecac1fcc3', '464ec90f-0826-4a8a-b772-1a4d5e198a31', '9d82030e-8a34-449e-ae5b-27535cc1d30a', 'TRAIN', 'Started training model on Dataset 2', 'ML', 'ok', NULL, '2026-04-04T11:20:55.707Z');
INSERT INTO activity_logs (log_id, company_id, user_id, dataset_id, activity_type, activity_description, module_name, status, ip_address, timestamp) VALUES ('626c253b-9d36-4d60-a9c3-513bbbf97507', 'a30f03c1-3378-4c49-8a9d-bdcecac1fcc3', '51e009f1-b383-4232-81f5-da69b5b06b0b', '9d82030e-8a34-449e-ae5b-27535cc1d30a', 'UPDATE', 'Updated Dataset 2 metadata', 'DATASET', 'ok', NULL, '2026-04-08T21:20:55.707Z');
INSERT INTO activity_logs (log_id, company_id, user_id, dataset_id, activity_type, activity_description, module_name, status, ip_address, timestamp) VALUES ('87a039b6-35c5-4ff0-828f-799731f431dc', 'a30f03c1-3378-4c49-8a9d-bdcecac1fcc3', '69920775-9927-4dd6-8e92-7c3b33cd6fb7', 'd8ffa514-d672-40bf-b023-d3acfbd5ca16', 'UPDATE', 'Updated Dataset 4 schema', 'DATASET', 'ok', NULL, '2026-04-08T23:20:55.707Z');
INSERT INTO activity_logs (log_id, company_id, user_id, dataset_id, activity_type, activity_description, module_name, status, ip_address, timestamp) VALUES ('3e51557d-75cf-489a-8fc0-77e9e900802d', 'a30f03c1-3378-4c49-8a9d-bdcecac1fcc3', 'a4155ce5-b0b2-48d0-b598-20610d3b8c37', NULL, 'LOGOUT', 'Employee 01 logged out', 'AUTH', 'ok', NULL, '2026-04-09T14:05:55.707Z');
INSERT INTO activity_logs (log_id, company_id, user_id, dataset_id, activity_type, activity_description, module_name, status, ip_address, timestamp) VALUES ('6b31b0ac-dbf2-46ab-9498-90f8b318442a', 'a30f03c1-3378-4c49-8a9d-bdcecac1fcc3', '51e009f1-b383-4232-81f5-da69b5b06b0b', NULL, 'LOGOUT', 'Employee 02 logged out', 'AUTH', 'ok', NULL, '2026-04-09T14:50:55.707Z');
INSERT INTO activity_logs (log_id, company_id, user_id, dataset_id, activity_type, activity_description, module_name, status, ip_address, timestamp) VALUES ('f7465253-dff6-4c3b-9220-5b3d557472d9', 'a30f03c1-3378-4c49-8a9d-bdcecac1fcc3', '80fba16d-3f48-4714-834b-ae2d8f9f3685', NULL, 'LOGOUT', 'Employee 05 logged out', 'AUTH', 'ok', NULL, '2026-04-09T16:20:55.707Z');
INSERT INTO activity_logs (log_id, company_id, user_id, dataset_id, activity_type, activity_description, module_name, status, ip_address, timestamp) VALUES ('8d93cecd-204e-44a4-8f15-7e49939b62cb', 'a30f03c1-3378-4c49-8a9d-bdcecac1fcc3', '69920775-9927-4dd6-8e92-7c3b33cd6fb7', NULL, 'LOGOUT', 'Employee 15 logged out', 'AUTH', 'ok', NULL, '2026-04-08T16:50:55.707Z');
INSERT INTO activity_logs (log_id, company_id, user_id, dataset_id, activity_type, activity_description, module_name, status, ip_address, timestamp) VALUES ('8927d6fa-715a-4dd6-9777-796297ecd91d', 'a30f03c1-3378-4c49-8a9d-bdcecac1fcc3', 'ab1309d4-3e1b-46f1-ab74-30f3cabea7a9', NULL, 'LOGOUT', 'Employee 06 logged out', 'AUTH', 'ok', NULL, '2026-04-08T15:20:55.707Z');
INSERT INTO activity_logs (log_id, company_id, user_id, dataset_id, activity_type, activity_description, module_name, status, ip_address, timestamp) VALUES ('caaa1e1c-63db-4e58-9df8-ba415ba6d2a8', 'a30f03c1-3378-4c49-8a9d-bdcecac1fcc3', 'b0b6b626-3bea-4941-8335-f1f112ebfbe0', NULL, 'LOGOUT', 'Employee 20 logged out', 'AUTH', 'ok', NULL, '2026-04-07T16:50:55.707Z');
INSERT INTO activity_logs (log_id, company_id, user_id, dataset_id, activity_type, activity_description, module_name, status, ip_address, timestamp) VALUES ('6c78e2b8-0d25-4cac-8f40-b37bf11f2ebd', 'a30f03c1-3378-4c49-8a9d-bdcecac1fcc3', '0da896cf-1ff7-428b-a50a-4ba3e2381598', NULL, 'LOGOUT', 'Admin logged out', 'AUTH', 'ok', NULL, '2026-04-07T13:20:55.707Z');
INSERT INTO activity_logs (log_id, company_id, user_id, dataset_id, activity_type, activity_description, module_name, status, ip_address, timestamp) VALUES ('ce39d56a-41c8-48f5-92b4-f55e599df7bf', 'a30f03c1-3378-4c49-8a9d-bdcecac1fcc3', 'ade85986-075d-4b4f-94f6-7cfa92b28c10', 'd764d364-9461-491b-8609-ce466c2ca7b1', 'VIEW', 'Viewed Dataset 3', 'DATASET', 'ok', NULL, '2026-04-09T05:20:55.707Z');
INSERT INTO activity_logs (log_id, company_id, user_id, dataset_id, activity_type, activity_description, module_name, status, ip_address, timestamp) VALUES ('2ec1dfc7-3536-4392-b2a1-13bf0c056ad6', 'a30f03c1-3378-4c49-8a9d-bdcecac1fcc3', '8cb34e6e-04a6-4e65-b372-34637466e402', '9d82030e-8a34-449e-ae5b-27535cc1d30a', 'QUERY', 'Executed query on Dataset 2', 'CHAT', 'ok', NULL, '2026-04-09T06:20:55.707Z');
INSERT INTO activity_logs (log_id, company_id, user_id, dataset_id, activity_type, activity_description, module_name, status, ip_address, timestamp) VALUES ('538cb931-c18c-442a-93aa-ab26d212cb86', 'a30f03c1-3378-4c49-8a9d-bdcecac1fcc3', '4e0a969d-539f-4201-8156-9bb3099ca146', 'd764d364-9461-491b-8609-ce466c2ca7b1', 'VIEW', 'Viewed Dataset 3', 'DATASET', 'ok', NULL, '2026-04-09T09:20:55.707Z');
INSERT INTO activity_logs (log_id, company_id, user_id, dataset_id, activity_type, activity_description, module_name, status, ip_address, timestamp) VALUES ('17792e31-01c3-46a8-99bc-52e4003a6323', 'a30f03c1-3378-4c49-8a9d-bdcecac1fcc3', 'f2527369-ba33-45df-a6e1-a44e755a6c50', 'd8ffa514-d672-40bf-b023-d3acfbd5ca16', 'QUERY', 'Executed query on Dataset 4', 'CHAT', 'ok', NULL, '2026-04-09T11:20:55.707Z');
INSERT INTO activity_logs (log_id, company_id, user_id, dataset_id, activity_type, activity_description, module_name, status, ip_address, timestamp) VALUES ('49ce2fe4-d3fa-476b-bb74-99f83d15ac97', 'a30f03c1-3378-4c49-8a9d-bdcecac1fcc3', '0da896cf-1ff7-428b-a50a-4ba3e2381598', NULL, 'LOGIN', 'Admin User logged in', 'AUTH', 'ok', NULL, '2026-04-10T11:25:59.700Z');
INSERT INTO activity_logs (log_id, company_id, user_id, dataset_id, activity_type, activity_description, module_name, status, ip_address, timestamp) VALUES ('fa74761f-784d-4fb9-bdf6-33764c60bbf0', 'a30f03c1-3378-4c49-8a9d-bdcecac1fcc3', 'a4155ce5-b0b2-48d0-b598-20610d3b8c37', NULL, 'LOGIN', 'Employee 01 logged in', 'AUTH', 'ok', NULL, '2026-04-10T11:30:21.916Z');
INSERT INTO activity_logs (log_id, company_id, user_id, dataset_id, activity_type, activity_description, module_name, status, ip_address, timestamp) VALUES ('6708faed-e411-42b7-96b7-9b37e30b202b', 'a30f03c1-3378-4c49-8a9d-bdcecac1fcc3', '80fba16d-3f48-4714-834b-ae2d8f9f3685', NULL, 'LOGIN', 'Employee 05 logged in', 'AUTH', 'ok', NULL, '2026-04-10T13:55:30.053Z');
INSERT INTO activity_logs (log_id, company_id, user_id, dataset_id, activity_type, activity_description, module_name, status, ip_address, timestamp) VALUES ('20273dc4-eeb2-4407-87a8-68a545d3a199', 'a30f03c1-3378-4c49-8a9d-bdcecac1fcc3', '80fba16d-3f48-4714-834b-ae2d8f9f3685', NULL, 'LOGIN', 'Employee 05 logged in', 'AUTH', 'ok', NULL, '2026-04-10T13:57:23.563Z');
INSERT INTO activity_logs (log_id, company_id, user_id, dataset_id, activity_type, activity_description, module_name, status, ip_address, timestamp) VALUES ('067ef304-eed2-4b3f-b447-a5b057c2be85', 'a30f03c1-3378-4c49-8a9d-bdcecac1fcc3', '80fba16d-3f48-4714-834b-ae2d8f9f3685', NULL, 'LOGIN', 'Employee 05 logged in', 'AUTH', 'ok', NULL, '2026-04-10T14:31:17.399Z');
INSERT INTO activity_logs (log_id, company_id, user_id, dataset_id, activity_type, activity_description, module_name, status, ip_address, timestamp) VALUES ('c9aca19a-8a8b-4edc-874b-2e41f9fc49ca', 'a30f03c1-3378-4c49-8a9d-bdcecac1fcc3', '69920775-9927-4dd6-8e92-7c3b33cd6fb7', NULL, 'LOGIN', 'Employee 15 logged in', 'AUTH', 'ok', NULL, '2026-04-10T14:31:32.694Z');
INSERT INTO activity_logs (log_id, company_id, user_id, dataset_id, activity_type, activity_description, module_name, status, ip_address, timestamp) VALUES ('6bb91f08-dc2e-4ddc-a8cc-76acb958053c', 'a30f03c1-3378-4c49-8a9d-bdcecac1fcc3', '0da896cf-1ff7-428b-a50a-4ba3e2381598', NULL, 'LOGIN', 'Admin User logged in', 'AUTH', 'ok', NULL, '2026-04-10T15:54:39.662Z');
INSERT INTO activity_logs (log_id, company_id, user_id, dataset_id, activity_type, activity_description, module_name, status, ip_address, timestamp) VALUES ('1511a8a4-2118-48c9-9118-da7f393cb3a0', 'a30f03c1-3378-4c49-8a9d-bdcecac1fcc3', '0da896cf-1ff7-428b-a50a-4ba3e2381598', NULL, 'LOGIN', 'Admin User logged in', 'AUTH', 'ok', NULL, '2026-04-10T17:03:32.965Z');
INSERT INTO activity_logs (log_id, company_id, user_id, dataset_id, activity_type, activity_description, module_name, status, ip_address, timestamp) VALUES ('221edbb5-0791-4274-a26e-2d27892e6c56', 'a30f03c1-3378-4c49-8a9d-bdcecac1fcc3', '0da896cf-1ff7-428b-a50a-4ba3e2381598', NULL, 'LOGIN', 'Admin User logged in', 'AUTH', 'ok', NULL, '2026-04-10T17:15:41.570Z');
INSERT INTO activity_logs (log_id, company_id, user_id, dataset_id, activity_type, activity_description, module_name, status, ip_address, timestamp) VALUES ('ad47be82-8918-43aa-9195-8f5357463e8c', 'a30f03c1-3378-4c49-8a9d-bdcecac1fcc3', '0da896cf-1ff7-428b-a50a-4ba3e2381598', NULL, 'LOGIN', 'Admin User logged in', 'AUTH', 'ok', NULL, '2026-04-10T17:17:55.018Z');
INSERT INTO activity_logs (log_id, company_id, user_id, dataset_id, activity_type, activity_description, module_name, status, ip_address, timestamp) VALUES ('7ff9101e-026c-4e64-877b-23d0dfc3cdbc', 'a30f03c1-3378-4c49-8a9d-bdcecac1fcc3', '0da896cf-1ff7-428b-a50a-4ba3e2381598', NULL, 'LOGIN', 'Admin User logged in', 'AUTH', 'ok', NULL, '2026-04-10T17:50:52.559Z');
INSERT INTO activity_logs (log_id, company_id, user_id, dataset_id, activity_type, activity_description, module_name, status, ip_address, timestamp) VALUES ('7cb9c854-6b84-4b57-91f9-6b3dee3289c7', 'a30f03c1-3378-4c49-8a9d-bdcecac1fcc3', 'fc3e0a0d-10bf-4f5a-8fa5-c812ed5fdef1', NULL, 'LOGIN', 'Employee 14 logged in', 'AUTH', 'ok', NULL, '2026-04-10T17:52:57.527Z');
INSERT INTO activity_logs (log_id, company_id, user_id, dataset_id, activity_type, activity_description, module_name, status, ip_address, timestamp) VALUES ('ae94294f-0fcb-4929-81ec-5f7b2d0c4fb2', 'a30f03c1-3378-4c49-8a9d-bdcecac1fcc3', '51e009f1-b383-4232-81f5-da69b5b06b0b', NULL, 'LOGIN', 'Employee 02 logged in', 'AUTH', 'ok', NULL, '2026-04-10T18:11:32.812Z');
INSERT INTO activity_logs (log_id, company_id, user_id, dataset_id, activity_type, activity_description, module_name, status, ip_address, timestamp) VALUES ('7fefb079-4256-46af-b6a2-4bafddaecbd3', 'a30f03c1-3378-4c49-8a9d-bdcecac1fcc3', '0da896cf-1ff7-428b-a50a-4ba3e2381598', NULL, 'LOGIN', 'Admin User logged in', 'AUTH', 'ok', NULL, '2026-04-11T06:47:41.941Z');
INSERT INTO activity_logs (log_id, company_id, user_id, dataset_id, activity_type, activity_description, module_name, status, ip_address, timestamp) VALUES ('a0dbad5e-4fc8-4dd6-8e51-113e966f39b4', 'a30f03c1-3378-4c49-8a9d-bdcecac1fcc3', '68fc943b-2277-48a9-99db-6a1dfc58c688', NULL, 'LOGIN', 'Employee 04 logged in', 'AUTH', 'ok', NULL, '2026-04-11T06:49:08.628Z');
INSERT INTO activity_logs (log_id, company_id, user_id, dataset_id, activity_type, activity_description, module_name, status, ip_address, timestamp) VALUES ('95e50807-a2e0-407e-9ba9-72271181f362', 'a30f03c1-3378-4c49-8a9d-bdcecac1fcc3', '0da896cf-1ff7-428b-a50a-4ba3e2381598', NULL, 'LOGIN', 'Admin User logged in', 'AUTH', 'ok', NULL, '2026-04-11T14:40:46.315Z');
INSERT INTO activity_logs (log_id, company_id, user_id, dataset_id, activity_type, activity_description, module_name, status, ip_address, timestamp) VALUES ('1a00d19c-f7cf-4aff-9ddb-04d261e97e02', 'a30f03c1-3378-4c49-8a9d-bdcecac1fcc3', '0da896cf-1ff7-428b-a50a-4ba3e2381598', NULL, 'LOGIN', 'Admin User logged in', 'AUTH', 'ok', NULL, '2026-04-11T14:43:37.706Z');
INSERT INTO activity_logs (log_id, company_id, user_id, dataset_id, activity_type, activity_description, module_name, status, ip_address, timestamp) VALUES ('2aa86eef-20db-4475-9a01-816d33c1a342', 'a30f03c1-3378-4c49-8a9d-bdcecac1fcc3', '0da896cf-1ff7-428b-a50a-4ba3e2381598', NULL, 'LOGIN', 'Admin User logged in', 'AUTH', 'ok', NULL, '2026-04-11T14:49:11.190Z');
INSERT INTO activity_logs (log_id, company_id, user_id, dataset_id, activity_type, activity_description, module_name, status, ip_address, timestamp) VALUES ('7ac6f33a-0f82-425e-996b-77ffaea35d8e', 'a30f03c1-3378-4c49-8a9d-bdcecac1fcc3', '0da896cf-1ff7-428b-a50a-4ba3e2381598', NULL, 'LOGIN', 'Admin User logged in', 'AUTH', 'ok', NULL, '2026-04-11T14:51:34.552Z');
INSERT INTO activity_logs (log_id, company_id, user_id, dataset_id, activity_type, activity_description, module_name, status, ip_address, timestamp) VALUES ('14717462-ca06-4a39-a6d7-ebc4d837ba46', 'a30f03c1-3378-4c49-8a9d-bdcecac1fcc3', 'f2527369-ba33-45df-a6e1-a44e755a6c50', NULL, 'LOGIN', 'Employee 18 logged in', 'AUTH', 'ok', NULL, '2026-04-11T14:55:04.072Z');
INSERT INTO activity_logs (log_id, company_id, user_id, dataset_id, activity_type, activity_description, module_name, status, ip_address, timestamp) VALUES ('e43d1071-30a5-4e8d-aea9-437aab0eed35', 'a30f03c1-3378-4c49-8a9d-bdcecac1fcc3', '0da896cf-1ff7-428b-a50a-4ba3e2381598', NULL, 'LOGIN', 'Admin User logged in', 'AUTH', 'ok', NULL, '2026-04-11T16:57:38.403Z');
INSERT INTO activity_logs (log_id, company_id, user_id, dataset_id, activity_type, activity_description, module_name, status, ip_address, timestamp) VALUES ('aa7cf6c2-1242-4455-b816-9aae8a3579c9', 'a30f03c1-3378-4c49-8a9d-bdcecac1fcc3', '0da896cf-1ff7-428b-a50a-4ba3e2381598', NULL, 'LOGIN', 'Admin User logged in', 'AUTH', 'ok', NULL, '2026-04-11T17:24:16.382Z');
INSERT INTO activity_logs (log_id, company_id, user_id, dataset_id, activity_type, activity_description, module_name, status, ip_address, timestamp) VALUES ('31e9a4c3-d1c3-445c-87b5-7a49002ba842', 'a30f03c1-3378-4c49-8a9d-bdcecac1fcc3', '07ee10de-ddaa-4b84-ad92-b315a5ae576d', NULL, 'LOGIN', 'Employee 17 logged in', 'AUTH', 'ok', NULL, '2026-04-11T17:27:39.205Z');
INSERT INTO activity_logs (log_id, company_id, user_id, dataset_id, activity_type, activity_description, module_name, status, ip_address, timestamp) VALUES ('5834ad2c-3e12-48bb-8a5f-aab13d01e22f', 'a30f03c1-3378-4c49-8a9d-bdcecac1fcc3', '0da896cf-1ff7-428b-a50a-4ba3e2381598', NULL, 'LOGIN', 'Admin User logged in', 'AUTH', 'ok', NULL, '2026-04-11T18:00:04.356Z');
INSERT INTO activity_logs (log_id, company_id, user_id, dataset_id, activity_type, activity_description, module_name, status, ip_address, timestamp) VALUES ('cebcaad0-a4a9-40f4-9306-3868f4fb208b', 'a30f03c1-3378-4c49-8a9d-bdcecac1fcc3', '0da896cf-1ff7-428b-a50a-4ba3e2381598', NULL, 'LOGIN', 'Admin User logged in', 'AUTH', 'ok', NULL, '2026-04-11T19:47:28.552Z');
INSERT INTO activity_logs (log_id, company_id, user_id, dataset_id, activity_type, activity_description, module_name, status, ip_address, timestamp) VALUES ('3e7bfa0a-2a82-4301-b15a-427c88b83851', 'a30f03c1-3378-4c49-8a9d-bdcecac1fcc3', '0da896cf-1ff7-428b-a50a-4ba3e2381598', NULL, 'LOGIN', 'Admin User logged in', 'AUTH', 'ok', NULL, '2026-04-11T19:50:03.002Z');
INSERT INTO activity_logs (log_id, company_id, user_id, dataset_id, activity_type, activity_description, module_name, status, ip_address, timestamp) VALUES ('b065a381-e83d-48ee-b81a-8fe26c7a44a9', 'a30f03c1-3378-4c49-8a9d-bdcecac1fcc3', '0c03da34-7ed2-46dd-835f-a1edb7a7eba6', NULL, 'LOGIN', 'Employee 13 logged in', 'AUTH', 'ok', NULL, '2026-04-11T19:52:29.650Z');
INSERT INTO activity_logs (log_id, company_id, user_id, dataset_id, activity_type, activity_description, module_name, status, ip_address, timestamp) VALUES ('c530bda0-f711-4b7e-a23d-263d520ce68f', 'a30f03c1-3378-4c49-8a9d-bdcecac1fcc3', '0da896cf-1ff7-428b-a50a-4ba3e2381598', NULL, 'LOGIN', 'Admin User logged in', 'AUTH', 'ok', NULL, '2026-04-11T19:53:46.861Z');
INSERT INTO activity_logs (log_id, company_id, user_id, dataset_id, activity_type, activity_description, module_name, status, ip_address, timestamp) VALUES ('ae6251f6-fa96-4abd-8720-8626dd187188', 'a30f03c1-3378-4c49-8a9d-bdcecac1fcc3', '0da896cf-1ff7-428b-a50a-4ba3e2381598', NULL, 'LOGIN', 'Admin User logged in', 'AUTH', 'ok', NULL, '2026-04-11T20:12:56.297Z');
INSERT INTO activity_logs (log_id, company_id, user_id, dataset_id, activity_type, activity_description, module_name, status, ip_address, timestamp) VALUES ('6a0b6323-6069-42ac-96a4-6afdc961449e', 'a30f03c1-3378-4c49-8a9d-bdcecac1fcc3', '0c03da34-7ed2-46dd-835f-a1edb7a7eba6', NULL, 'LOGIN', 'Employee 13 logged in', 'AUTH', 'ok', NULL, '2026-04-11T20:14:19.462Z');
INSERT INTO activity_logs (log_id, company_id, user_id, dataset_id, activity_type, activity_description, module_name, status, ip_address, timestamp) VALUES ('2712b6c3-b6ce-4868-94bc-5582321aa2f3', 'a30f03c1-3378-4c49-8a9d-bdcecac1fcc3', '0da896cf-1ff7-428b-a50a-4ba3e2381598', NULL, 'LOGIN', 'Admin User logged in', 'AUTH', 'ok', NULL, '2026-04-11T20:42:34.410Z');
INSERT INTO activity_logs (log_id, company_id, user_id, dataset_id, activity_type, activity_description, module_name, status, ip_address, timestamp) VALUES ('a127775c-6f9d-4cec-9b5d-217cee5832ac', 'a30f03c1-3378-4c49-8a9d-bdcecac1fcc3', '0da896cf-1ff7-428b-a50a-4ba3e2381598', NULL, 'LOGIN', 'Admin User logged in', 'AUTH', 'ok', NULL, '2026-04-11T20:45:00.709Z');
INSERT INTO activity_logs (log_id, company_id, user_id, dataset_id, activity_type, activity_description, module_name, status, ip_address, timestamp) VALUES ('0cb2afd6-7d51-4572-a186-14b9fe7d7a7a', 'a30f03c1-3378-4c49-8a9d-bdcecac1fcc3', '0da896cf-1ff7-428b-a50a-4ba3e2381598', NULL, 'LOGIN', 'Admin User logged in', 'AUTH', 'ok', NULL, '2026-04-11T20:51:21.915Z');
INSERT INTO activity_logs (log_id, company_id, user_id, dataset_id, activity_type, activity_description, module_name, status, ip_address, timestamp) VALUES ('1adc1002-f9c6-47b0-88e4-889f2ff6aaaa', 'a30f03c1-3378-4c49-8a9d-bdcecac1fcc3', '0c03da34-7ed2-46dd-835f-a1edb7a7eba6', NULL, 'LOGIN', 'Employee 13 logged in', 'AUTH', 'ok', NULL, '2026-04-11T20:53:17.165Z');
INSERT INTO activity_logs (log_id, company_id, user_id, dataset_id, activity_type, activity_description, module_name, status, ip_address, timestamp) VALUES ('c75dbbeb-a467-4e31-823d-547504dad6bd', 'a30f03c1-3378-4c49-8a9d-bdcecac1fcc3', '0da896cf-1ff7-428b-a50a-4ba3e2381598', NULL, 'LOGIN', 'Admin User logged in', 'AUTH', 'ok', NULL, '2026-04-11T20:55:10.784Z');
INSERT INTO activity_logs (log_id, company_id, user_id, dataset_id, activity_type, activity_description, module_name, status, ip_address, timestamp) VALUES ('5c4fb21f-de7b-40d9-a7d5-1fd7b4bed8a7', 'a30f03c1-3378-4c49-8a9d-bdcecac1fcc3', '7c6a9556-78b0-463e-8d57-9680e6b968e9', NULL, 'LOGIN', 'Employee 19 logged in', 'AUTH', 'ok', NULL, '2026-04-12T06:11:37.357Z');
INSERT INTO activity_logs (log_id, company_id, user_id, dataset_id, activity_type, activity_description, module_name, status, ip_address, timestamp) VALUES ('7178b336-88c8-4f1a-bb0b-78e04e95740c', 'a30f03c1-3378-4c49-8a9d-bdcecac1fcc3', '0da896cf-1ff7-428b-a50a-4ba3e2381598', NULL, 'LOGIN', 'Admin User logged in', 'AUTH', 'ok', NULL, '2026-04-12T06:12:44.998Z');
INSERT INTO activity_logs (log_id, company_id, user_id, dataset_id, activity_type, activity_description, module_name, status, ip_address, timestamp) VALUES ('64a887d5-a5ac-4b2e-838a-39460cf9f278', 'a30f03c1-3378-4c49-8a9d-bdcecac1fcc3', '8b1a54a0-b0d9-4153-a4b5-dbe06a699759', NULL, 'LOGIN', 'Garv Jain logged in', 'AUTH', 'ok', NULL, '2026-04-12T06:51:16.353Z');
INSERT INTO activity_logs (log_id, company_id, user_id, dataset_id, activity_type, activity_description, module_name, status, ip_address, timestamp) VALUES ('bc415732-37d5-4458-8e2e-983bdbe13126', 'a30f03c1-3378-4c49-8a9d-bdcecac1fcc3', '261b50d2-efad-49ee-b775-3378730aa82a', NULL, 'LOGIN', 'Employee 09 logged in', 'AUTH', 'ok', NULL, '2026-04-12T06:55:35.991Z');
INSERT INTO activity_logs (log_id, company_id, user_id, dataset_id, activity_type, activity_description, module_name, status, ip_address, timestamp) VALUES ('b297e734-e821-4f06-9fda-deb99016207b', 'a30f03c1-3378-4c49-8a9d-bdcecac1fcc3', '464ec90f-0826-4a8a-b772-1a4d5e198a31', NULL, 'LOGIN', 'Employee 10 logged in', 'AUTH', 'ok', NULL, '2026-04-12T06:56:31.991Z');
INSERT INTO activity_logs (log_id, company_id, user_id, dataset_id, activity_type, activity_description, module_name, status, ip_address, timestamp) VALUES ('22fb73e1-8906-410e-a063-a774868e77ce', 'a30f03c1-3378-4c49-8a9d-bdcecac1fcc3', '015a93c9-8966-4634-9c9e-1d624e90eb60', NULL, 'LOGIN', 'Employee 11 logged in', 'AUTH', 'ok', NULL, '2026-04-12T06:57:08.897Z');
INSERT INTO activity_logs (log_id, company_id, user_id, dataset_id, activity_type, activity_description, module_name, status, ip_address, timestamp) VALUES ('17943494-aa6b-4987-b8be-ec24038920f1', 'a30f03c1-3378-4c49-8a9d-bdcecac1fcc3', '015a93c9-8966-4634-9c9e-1d624e90eb60', NULL, 'LOGIN', 'Employee 11 logged in', 'AUTH', 'ok', NULL, '2026-04-12T06:58:28.503Z');
INSERT INTO activity_logs (log_id, company_id, user_id, dataset_id, activity_type, activity_description, module_name, status, ip_address, timestamp) VALUES ('dd379487-c6af-4075-bc17-f247f08b3869', 'a30f03c1-3378-4c49-8a9d-bdcecac1fcc3', '0da896cf-1ff7-428b-a50a-4ba3e2381598', NULL, 'LOGIN', 'Admin User logged in', 'AUTH', 'ok', NULL, '2026-04-12T09:41:59.628Z');
INSERT INTO activity_logs (log_id, company_id, user_id, dataset_id, activity_type, activity_description, module_name, status, ip_address, timestamp) VALUES ('17bc6225-28c1-44e9-9d45-2c547d854698', 'a30f03c1-3378-4c49-8a9d-bdcecac1fcc3', 'ade85986-075d-4b4f-94f6-7cfa92b28c10', NULL, 'LOGIN', 'Employee 03 logged in', 'AUTH', 'ok', NULL, '2026-04-12T09:43:17.050Z');
INSERT INTO activity_logs (log_id, company_id, user_id, dataset_id, activity_type, activity_description, module_name, status, ip_address, timestamp) VALUES ('3fc9aa4a-9d36-425a-828a-a760b62a839a', NULL, 'ade85986-075d-4b4f-94f6-7cfa92b28c10', 'a8e72092-f37c-43f3-b43c-8980c94f96e9', 'FINALIZE', 'Cleaned dataset finalized', NULL, 'ok', NULL, '2026-04-12T11:11:24.780Z');
INSERT INTO activity_logs (log_id, company_id, user_id, dataset_id, activity_type, activity_description, module_name, status, ip_address, timestamp) VALUES ('676d4a94-cdd5-4614-bfd0-af07371aeb9c', 'a30f03c1-3378-4c49-8a9d-bdcecac1fcc3', '0da896cf-1ff7-428b-a50a-4ba3e2381598', NULL, 'LOGIN', 'Admin User logged in', 'AUTH', 'ok', NULL, '2026-04-12T11:24:57.677Z');
INSERT INTO activity_logs (log_id, company_id, user_id, dataset_id, activity_type, activity_description, module_name, status, ip_address, timestamp) VALUES ('ecc9899b-5cee-4188-9d4f-5fd7b5452438', 'a30f03c1-3378-4c49-8a9d-bdcecac1fcc3', 'ade85986-075d-4b4f-94f6-7cfa92b28c10', NULL, 'LOGIN', 'Employee 03 logged in', 'AUTH', 'ok', NULL, '2026-04-12T11:26:30.592Z');
INSERT INTO activity_logs (log_id, company_id, user_id, dataset_id, activity_type, activity_description, module_name, status, ip_address, timestamp) VALUES ('9dece588-54e4-4de7-b781-e1acf3df1f2f', 'a30f03c1-3378-4c49-8a9d-bdcecac1fcc3', '0da896cf-1ff7-428b-a50a-4ba3e2381598', NULL, 'LOGIN', 'Admin User logged in', 'AUTH', 'ok', NULL, '2026-04-12T12:23:50.534Z');
INSERT INTO activity_logs (log_id, company_id, user_id, dataset_id, activity_type, activity_description, module_name, status, ip_address, timestamp) VALUES ('aca7e327-2bab-44c2-8b91-987f662321b8', 'a30f03c1-3378-4c49-8a9d-bdcecac1fcc3', 'ade85986-075d-4b4f-94f6-7cfa92b28c10', NULL, 'LOGIN', 'Employee 03 logged in', 'AUTH', 'ok', NULL, '2026-04-12T12:25:23.677Z');
INSERT INTO activity_logs (log_id, company_id, user_id, dataset_id, activity_type, activity_description, module_name, status, ip_address, timestamp) VALUES ('b1d72bd5-bbce-430a-9163-f444572810d5', 'a30f03c1-3378-4c49-8a9d-bdcecac1fcc3', 'ade85986-075d-4b4f-94f6-7cfa92b28c10', NULL, 'LOGIN', 'Employee 03 logged in', 'AUTH', 'ok', NULL, '2026-04-12T12:36:37.801Z');
INSERT INTO activity_logs (log_id, company_id, user_id, dataset_id, activity_type, activity_description, module_name, status, ip_address, timestamp) VALUES ('7cf17986-d03a-4f97-8c94-eb73a4b3e850', 'a30f03c1-3378-4c49-8a9d-bdcecac1fcc3', 'ade85986-075d-4b4f-94f6-7cfa92b28c10', NULL, 'LOGIN', 'Employee 03 logged in', 'AUTH', 'ok', NULL, '2026-04-12T12:43:37.889Z');
INSERT INTO activity_logs (log_id, company_id, user_id, dataset_id, activity_type, activity_description, module_name, status, ip_address, timestamp) VALUES ('48d55ad1-9cbd-44d2-9ead-f5a82d7dac14', 'a30f03c1-3378-4c49-8a9d-bdcecac1fcc3', '0da896cf-1ff7-428b-a50a-4ba3e2381598', NULL, 'LOGIN', 'Admin User logged in', 'AUTH', 'ok', NULL, '2026-04-12T14:27:08.345Z');
INSERT INTO activity_logs (log_id, company_id, user_id, dataset_id, activity_type, activity_description, module_name, status, ip_address, timestamp) VALUES ('3e4a09ba-5d62-409d-b82f-456fe1b3040e', 'a30f03c1-3378-4c49-8a9d-bdcecac1fcc3', 'ade85986-075d-4b4f-94f6-7cfa92b28c10', NULL, 'LOGIN', 'Employee 03 logged in', 'AUTH', 'ok', NULL, '2026-04-12T14:27:44.017Z');
INSERT INTO activity_logs (log_id, company_id, user_id, dataset_id, activity_type, activity_description, module_name, status, ip_address, timestamp) VALUES ('7c6a858c-f883-482f-9897-7ce42ecb0625', 'a30f03c1-3378-4c49-8a9d-bdcecac1fcc3', 'ade85986-075d-4b4f-94f6-7cfa92b28c10', NULL, 'LOGIN', 'Employee 03 logged in', 'AUTH', 'ok', NULL, '2026-04-12T14:58:43.387Z');
INSERT INTO activity_logs (log_id, company_id, user_id, dataset_id, activity_type, activity_description, module_name, status, ip_address, timestamp) VALUES ('ea655fef-6726-4a5e-8e48-9eb62ea2f3e7', 'a30f03c1-3378-4c49-8a9d-bdcecac1fcc3', '68fc943b-2277-48a9-99db-6a1dfc58c688', NULL, 'LOGIN', 'Employee 04 logged in', 'AUTH', 'ok', NULL, '2026-04-12T16:44:39.981Z');
INSERT INTO activity_logs (log_id, company_id, user_id, dataset_id, activity_type, activity_description, module_name, status, ip_address, timestamp) VALUES ('1ba4e18c-66fe-4351-855b-aa1ec473e0e2', 'a30f03c1-3378-4c49-8a9d-bdcecac1fcc3', 'ade85986-075d-4b4f-94f6-7cfa92b28c10', NULL, 'LOGIN', 'Employee 03 logged in', 'AUTH', 'ok', NULL, '2026-04-12T16:45:15.586Z');
INSERT INTO activity_logs (log_id, company_id, user_id, dataset_id, activity_type, activity_description, module_name, status, ip_address, timestamp) VALUES ('20c7c110-4f48-4756-9385-341c400289ad', 'a30f03c1-3378-4c49-8a9d-bdcecac1fcc3', '0da896cf-1ff7-428b-a50a-4ba3e2381598', NULL, 'LOGIN', 'Admin User logged in', 'AUTH', 'ok', NULL, '2026-04-12T17:46:34.766Z');
INSERT INTO activity_logs (log_id, company_id, user_id, dataset_id, activity_type, activity_description, module_name, status, ip_address, timestamp) VALUES ('07341fbf-88d4-4430-9a21-87012829d652', 'a30f03c1-3378-4c49-8a9d-bdcecac1fcc3', '4aa8ebdf-5a8e-489d-b8c0-5ea6a5019418', NULL, 'LOGIN', 'Employee 16 logged in', 'AUTH', 'ok', NULL, '2026-04-12T17:48:39.186Z');
INSERT INTO activity_logs (log_id, company_id, user_id, dataset_id, activity_type, activity_description, module_name, status, ip_address, timestamp) VALUES ('245d888f-b4d9-42fc-a481-3c14ab7a4269', 'a30f03c1-3378-4c49-8a9d-bdcecac1fcc3', '0da896cf-1ff7-428b-a50a-4ba3e2381598', NULL, 'LOGIN', 'Admin User logged in', 'AUTH', 'ok', NULL, '2026-04-12T18:05:15.596Z');
INSERT INTO activity_logs (log_id, company_id, user_id, dataset_id, activity_type, activity_description, module_name, status, ip_address, timestamp) VALUES ('8d682418-0958-4e57-9d14-5ceaae764886', 'a30f03c1-3378-4c49-8a9d-bdcecac1fcc3', '0c03da34-7ed2-46dd-835f-a1edb7a7eba6', NULL, 'LOGIN', 'Employee 13 logged in', 'AUTH', 'ok', NULL, '2026-04-12T18:06:02.311Z');

-- Table: password_reset_tokens
INSERT INTO password_reset_tokens (id, user_id, token, is_active, created_at, expires_at) VALUES ('de2b8d32-9154-414c-b076-d10f59f9a5f6', '5e53745f-7650-4d53-b121-2825bcdb4d85', '64d297c8-24a0-4f0e-a1c9-880eb068f26f', true, '2026-04-11T18:34:32.800Z', '2026-04-11T18:49:32.795Z');
INSERT INTO password_reset_tokens (id, user_id, token, is_active, created_at, expires_at) VALUES ('3722837f-cb0f-4b4a-816a-3024a44971a1', '8b1a54a0-b0d9-4153-a4b5-dbe06a699759', '663ae921-93e2-47b9-9b7a-f61f7c323bf2', false, '2026-04-12T06:49:41.985Z', '2026-04-12T07:04:41.982Z');

COMMIT;